-0.9851920196143997,0
-0.9864337701483682,0.5
-0.9876012285527863,1
-0.9886943370454718,1.5
-0.9897130435998854,2
-0.9906573019400301,2.5
-0.9915270715348615,3
-0.9923223175922099,3.5
-0.9930430110522215,4
-0.993689128580318,4.5
-0.994260652559681,5
-0.9947575710832635,5.5
-0.9951798779453324,6
-0.9955275726325462,6.5
-0.9958006603145695,7
-0.9959991518342304,7.5
-0.9961230636972243,8
-0.9961724180613658,8.5
-0.9961472427253947,9
-0.9960475711173387,9.5
-0.9958734422824377,10
-0.995624900870632,10.5
-0.9953019971236208,11
-0.9949047868614915,11.5
-0.9944333314689275,12
-0.9938876978809958,12.5
-0.9932679585685199,13
-0.9925741915230407,13.5
-0.9918064802413712,14
-0.9909649137097477,14.5
-0.9900495863875822,15
-0.9890605981908197,15.5
-0.9879980544749052,16
-0.9868620660173645,16.5
-0.9856527490000012,17
-0.9843702249907177,17.5
-0.9830146209249603,18
-0.9815860690867956,18.5
-0.9800847070896206,19
-0.9785106778565126,19.5
-0.9768641296002205,20
-0.9751452158028041,20.5
-0.9733540951949248,21
-0.9714909317347915,21.5
-0.969555894586766,22
-0.9675491580996337,22.5
-0.9654709017845408,23
-0.9633213102926053,23.5
-0.9611005733922047,24
-0.9588088859459443,24.5
-0.9564464478873107,25
-0.9540134641970149,25.5
-0.9515101448790296,26
-0.9489367049363231,26.5
-0.9462933643462971,27
-0.9435803480359289,27.5
-0.940797885856626,28
-0.9379462125587941,28.5
-0.9350255677661238,29
-0.932036195949602,29.5
-0.9289783464012484,30
-0.925852273207585,30.5
-0.9226582352228396,31
-0.9193964960418906,31.5
-0.9160673239729532,32
-0.9126709920100156,32.5
-0.9092077778050255,33
-0.9056779636398329,33.5
-0.9020818363978926,34
-0.8984196875357312,34.5
-0.8946918130541809,35
-0.8908985134693858,35.5
-0.8870400937835837,36
-0.8831168634556684,36.5
-0.8791291363715339,37
-0.8750772308142073,37.5
-0.8709614694337735,38
-0.8667821792170933,38.5
-0.8625396914573226,39
-0.8582343417232321,39.5
-0.8538664698283356,40
-0.8494364197998272,40.5
-0.8449445398473331,41
-0.8403911823314806,41.5
-0.8357767037322887,42
-0.831101464617384,42.5
-0.8263658296100437,43
-0.8215701673570727,43.5
-0.8167148504965148,44
-0.8118002556252036,44.5
-0.8068267632661559,45
-0.8017947578358117,45.5
-0.7967046276111224,46
-0.791556764696494,46.5
-0.7863515649905848,47
-0.7810894281529627,47.5
-0.7757707575706272,48
-0.7703959603243954,48.5
-0.7649654471551589,49
-0.7594796324300127,49.5
-0.7539389341082602,50
-0.7483437737072964,50.5
-0.7426945762683745,51
-0.7369917703222564,51.5
-0.7312357878547517,52
-0.7254270642721489,52.5
-0.7195660383665387,53
-0.7136531522810363,53.5
-0.7076888514749035,54
-0.7016735846885719,54.5
-0.6956078039085748,55
-0.6894919643323849,55.5
-0.6833265243331651,56
-0.6771119454244324,56.5
-0.6708486922246397,57
-0.6645372324216757,57.5
-0.6581780367372877,58
-0.6517715788914298,58.5
-0.6453183355665365,59
-0.6388187863717283,59.5
-0.6322734138069482,60
-0.6256827032270337,60.5
-0.6190471428057254,61
-0.6123672234996163,61.5
-0.6056434390120425,62
-0.5988762857569185,62.5
-0.592066262822519,63
-0.5852138719352094,63.5
-0.5783196174231289,64
-0.5713840061798255,64.5
-0.564407547627847,65
-0.5573907536822901,65.5
-0.5503341387143095,66
-0.5432382195145881,66.5
-0.5361035152567721,67
-0.5289305474608715,67.5
-0.521719839956629,68
-0.5144719188468581,68.5
-0.507187312470754,69
-0.49986655136717756,69.5
-0.49251016823791516,70
-0.4851186979109157,70.5
-0.47769267730350706,71
-0.4702326453855932,71.5
-0.4627391431428342,72
-0.455212713539811,72.5
-0.44765390148317546,73
-0.4400632537847884,73.5
-0.43244131912484746,74
-0.42478864801500515,74.5
-0.4171057927614799,75
-0.4093933074281606,75.5
-0.401651747799707,76
-0.393881671344647,76.5
-0.3860836371784721,77
-0.37825820602673293,77.5
-0.37040594018813583,78
-0.3625274034976419,78.5
-0.3546231612895702,79
-0.3466937803607058,79.5
-0.33873982893341475,80
-0.3307618766187661,80.5
-0.3227604943796636,81
-0.3147362544939871,81.5
-0.30668973051774573,82
-0.2986214972482426,82.5
-0.2905321306872547,83
-0.282422208004226,83.5
-0.27429230749947753,84
-0.26614300856743356,84.5
-0.25797489165986603,85
-0.2497885382491582,85.5
-0.2415845307915877,86
-0.23336345269063097,86.5
-0.22512588826028931,87
-0.21687242268843784,87.5
-0.20860364200019818,88
-0.20032013302133578,88.5
-0.1920224833416826,89
-0.1837112812785863,89.5
-0.17538711584038663,90
-0.16705057668991957,90.5
-0.15870225410805058,91
-0.15034273895723727,91.5
-0.1419726226451223,92
-0.1335924970881578,92.5
-0.1252029546752609,93
-0.1168045882315027,93.5
-0.10839799098182958,94
-0.09998375651481908,94.5
-0.09156247874647014,95
-0.08313475188402845,95.5
-0.07470117038984801,96
-0.06626232894528887,96.5
-0.05781882241465224,97
-0.049371245809153225,97.5
-0.04092019425093187,98
-0.03246626293710317,98.5
-0.024010047103846473,99
-0.015552141990534934,99.5
-0.007093142803905527,100
0.0013663553177298573,100.5
0.009825757340231705,101
0.018284468369338027,101.5
0.02674189368632689,102
0.03519743878363579,102.5
0.043650509400437465,103
0.052100511558171525,103.5
0.06054685159603159,104
0.06898893620640739,104.5
0.07742617247028127,105
0.08585796789257893,105.5
0.09428373043747358,106
0.10270286856364336,106.5
0.11111479125948152,107
0.11951890807825889,107.5
0.12791462917323804,108
0.13630136533273918,108.5
0.1446785280151569,109
0.15304552938392754,109.5
0.16140178234244676,110
0.1697467005689369,110.5
0.17807969855126377,111
0.18640019162170224,111.5
0.19470759599165055,112
0.2030013287862926,112.5
0.21128080807920807,113
0.21954545292692992,113.5
0.22779468340344863,114
0.236027920634663,114.5
0.2442445868327771,115
0.252444105330643,115.5
0.2606259006160482,116
0.2687893983659487,116.5
0.2769340254806459,117
0.28505921011790764,117.5
0.29316438172703285,118
0.30124897108285925,118.5
0.30931241031971374,119
0.31735413296530496,119.5
0.32537357397455785,120
0.33337016976338907,120.5
0.34134335824242407,121
0.34929257885065357,121.5
0.3572172725890308,122
0.36511688205400744,122.5
0.3729908514710093,123
0.3808386267278497,123.5
0.3886596554080812,124
0.39645338682428455,124.5
0.4042192720512947,125
0.41195676395936304,125.5
0.41966531724725514,126
0.42734438847528455,126.5
0.4349934360982803,127
0.4426119204984892,127.5
0.45019930401841146,128
0.45775505099356895,128.5
0.46527862778520607,129
0.47276950281292196,129.5
0.4802271465872343,130
0.487651031742073,130.5
0.4950406330672035,131
0.5023954275405792,131.5
0.5097148943606229,132
0.5169985149784346,132.5
0.5242457731299274,133
0.5314561548678884,133.5
0.5386291485939663,134
0.5457642450905824,134.5
0.5528609375527664,135
0.5599187216199145,135.5
0.5669370954074703,136
0.5739155595385268,136.5
0.5808536171753489,137
0.5877507740508157,137.5
0.5946065384997813,138
0.6014204214903544,138.5
0.608191936655093,139
0.6149206003221173,139.5
0.6216059315461356,140
0.6282474521393865,140.5
0.6348446867024911,141
0.6413971626552206,141.5
0.6479044102671724,142
0.6543659626883572,142.5
0.6607813559796947,143
0.6671501291434173,143.5
0.6734718241533798,144
0.6797459859852754,144.5
0.6859721626467552,145
0.6921499052074515,145.5
0.6982787678289023,146
0.7043583077943776,146.5
0.7103880855386034,147
0.7163676646773858,147.5
0.7222966120371301,148
0.7281744976842573,148.5
0.7340008949545128,149
0.7397753804821693,149.5
0.7454975342291209,150
0.751166939513867,150.5
0.7567831830403843,151
0.7623458549268866,151.5
0.7678545487344705,152
0.7733088614956439,152.5
0.7787083937427385,153
0.7840527495362024,153.5
0.7893415364927721,154
0.7945743658135234,154.5
0.7997508523117969,155
0.8048706144409995,155.5
0.8099332743222776,156
0.8149384577720621,156.5
0.8198857943294827,157
0.8247749172836497,157.5
0.8296054637008017,158
0.8343770744513177,158.5
0.8390893942365906,159
0.843742071615762,159.5
0.8483347590323153,160
0.8528671128405244,160.5
0.8573387933317586,161
0.8617494647606391,161.5
0.8660987953710461,162
0.8703864574219755,162.5
0.874612127213242,163
0.8787754851110253,163.5
0.8828762155732616,164
0.8869140071748725,164.5
0.8908885526328345,165
0.8947995488310839,165.5
0.8986466968452542,166
0.9024297019672476,166.5
0.9061482737296341,167
0.9098021259298793,167.5
0.913390976654395,168
0.9169145483024149,168.5
0.920372567609689,169
0.9237647656719961,169.5
0.9270908779684724,170
0.9303506443847533,170.5
0.9335438092359245,171
0.9366701212892831,171.5
0.9397293337869035,172
0.9427212044680071,172.5
0.9456454955911326,173
0.9485019739561039,173.5
0.9512904109257945,174
0.9540105824476848,174.5
0.9566622690752092,175
0.9592452559888924,175.5
0.9617593330172691,176
0.9642042946575873,176.5
0.9665799400962916,177
0.9688860732292824,177.5
0.9711225026819512,178
0.9732890418289856,178.5
0.9753855088139445,179
0.9774117265685988,179.5
0.9793675228320352,180
0.9812527301695206,180.5
0.9830671859911243,181
0.9848107325700937,181.5
0.9864832170609834,182
0.9880844915175324,182.5
0.9896144129102867,183
0.9910728431439663,183.5
0.9924596490745704,184
0.9937747025262222,184.5
0.9950178803077459,185
0.9961890642289749,185.5
0.99728814111679,186
0.9983150028308804,186.5
0.9992695462792283,187
1.0001516734333122,187.5
1.0009612913430268,188
1.0016983121513146,188.5
1.002362653108508,189
1.002954236586379,189.5
1.003472990091892,190
1.0039188462806568,190.5
1.0042917429700795,191
1.0045916231522087,191.5
1.004818435006272,192
1.0049721319109004,192.5
1.0050526724560385,193
1.0050600204545368,193.5
1.0049941449534225,194
1.0048550202448456,194.5
1.0046426258766983,195
1.0043569466629028,195.5
1.003997972693366,196
1.0035656993435988,196.5
1.0030601272839916,197
1.0024812624887502,197.5
1.0018291162444837,198
1.0011037051584442,198.5
1.0003050511664118,199
0.999433181540227,199.5
0.9984881288949612,200
0.9974699311957277,200.5
0.9963786317641267,201
0.995214279284322,201.5
0.993976927808748,202
0.9926666367634402,202.5
0.9912834709529907,203
0.989827500565122,203.5
0.9882988011748781,204
0.986697453748429,204.5
0.985023544646486,205
0.9832771656273247,205.5
0.9814584138494125,206
0.9795673918736378,206.5
0.977604207665139,207
0.9755689745947276,207.5
0.9734618114399061,208
0.9712828423854751,208.5
0.9690321970237282,209
0.9667100103542308,209.5
0.9643164227831809,210
0.9618515801223497,210.5
0.9593156335875971,211
0.956708739796961,211.5
0.9540310607683183,212
0.9512827639166129,212.5
0.9484640220506501,213
0.9455750133694529,213.5
0.9426159214581807,214
0.9395869352836034,214.5
0.9364882491891326,215
0.9333200628894054,215.5
0.930082581464418,216
0.9267760153532087,216.5
0.9234005803470862,217
0.9199564975824004,217.5
0.9164439935328568,218
0.9128633000013677,218.5
0.9092146541114422,219
0.9054982982981093,219.5
0.9017144802983754,220
0.8978634531412119,220.5
0.8939454751370708,221
0.8899608098669294,221.5
0.885909726170857,222
0.8817924981361073,222.5
0.8776094050847312,223
0.8733607315607095,223.5
0.8690467673166032,224
0.8646678072997216,224.5
0.8602241516378034,225
0.8557161056242134,225.5
0.8511439797026499,226
0.8465080894513629,226.5
0.8418087555668823,227
0.8370463038472539,227.5
0.8322210651747823,228
0.8273333754982801,228.5
0.8223835758148217,229
0.8173720121510009,229.5
0.8122990355436918,230
0.8071650020203118,230.5
0.8019702725785862,231
0.7967152131658125,231.5
0.7914001946576263,232
0.7860255928362659,232.5
0.7805917883683359,233
0.7750991667820697,233.5
0.7695481184440907,234
0.7639390385356708,234.5
0.7582723270284882,235
0.752548388659881,235.5
0.7467676329076012,236
0.7409304739640638,236.5
0.7350373307100968,237
0.7290886266881876,237.5
0.7230847900752285,238
0.7170262536547616,238.5
0.7109134547887227,239
0.7047468353886857,239.5
0.6985268418866071,240
0.6922539252050733,240.5
0.6859285407270483,241
0.6795511482651264,241.5
0.6731222120302873,242
0.6666422006001589,242.5
0.6601115868867837,243
0.6535308481038956,243.5
0.6469004657337039,244
0.6402209254931888,244.5
0.6334927172999089,245
0.6267163352373223,245.5
0.6198922775196226,246
0.6130210464560939,246.5
0.6061031484149825,247
0.5991390937868919,247.5
0.5921293969477004,248
0.5850745762210033,248.5
0.5779751538400849,249
0.5708316559094179,249.5
0.5636446123656982,250
0.556414556938413,250.5
0.5491420271099476,251
0.5418275640752328,251.5
0.5344717127009349,252
0.5270750214841938,252.5
0.5196380425109091,253
0.5121613314135794,253.5
0.5046454473286978,254
0.4970909528537056,254.5
0.48949841400351,255
0.48186840016656707,255.5
0.4742014840605343,256
0.46649824168749754,256.5
0.45875925228877446,257
0.45098509829929967,257.5
0.44317636530159493,258
0.4353336419793286,258.5
0.4274575200704686,259
0.4195485943200332,259.5
0.4116074624324441,260
0.4036347250234859,260.5
0.39563098557187665,261
0.3875968503704546,261.5
0.37953292847698544,262
0.37143983166459443,262.5
0.3633181743718296,263
0.35516857365235965,263.5
0.3469916491243126,264
0.3387880229192599,264.5
0.33055831963085186,265
0.3223031662631083,265.5
0.314023192178372,266
0.3057190290449288,266.5
0.2973913107843005,267
0.2890406735182164,267.5
0.2806677555152693,268
0.27227319713726117,268.5
0.26385764078524543,269
0.25542173084527103,269.5
0.2469661136338347,270
0.2384914373430479,270.5
0.22999835198552393,271
0.2214875093389923,271.5
0.2129595628906464,272
0.2044151677812307,272.5
0.19585498074887467,273
0.18727966007267927,273.5
0.17868986551606336,274
0.17008625826987617,274.5
0.16146950089528325,275
0.15284025726643208,275.5
0.14419919251290492,276
0.1355469729619655,276.5
0.12688426608060677,277
0.11821174041740665,277.5
0.1095300655441992,278
0.10083991199756821,278.5
0.09214195122017063,279
0.08343685550189708,279.5
0.07472529792087683,280
0.06600795228433476,280.5
0.05728549306930766,281
0.04855859536322749,281.5
0.03982793480437907,282
0.031094187522239868,282.5
0.022358030077709506,283
0.01362013940323671,283.5
0.004881192742851335,284
-0.003858132407890686,284.5
-0.012597158362041751,285
-0.021335207301468494,285.5
-0.03007160133712138,286
-0.038805662569360036,286.5
-0.04753671314832656,287
-0.056264075334358725,287.5
-0.06498707155843525,288
-0.07370502448264507,288.5
-0.08241725706067281,289
-0.09112309259829217,289.5
-0.09982185481385958,290
-0.10851286789879966,290.5
-0.11719545657807494,291
-0.12586894617063138,291.5
-0.13453266264981184,292
-0.14318593270372962,292.5
-0.1518280837955934,293
-0.1604584442239764,293.5
-0.1690763431830211,294
-0.17768111082257143,294.5
-0.18627207830822495,295
-0.19484857788129636,295.5
-0.20340994291868475,296
-0.21195550799263624,296.5
-0.22048460893039445,297
-0.22899658287373048,297.5
-0.23749076833834426,298
-0.24596650527313,298.5
-0.25442313511929726,299
-0.26286000086933975,299.5
-0.27127644712584437,300
-0.27967182016013237,300.5
-0.28804546797072467,301
-0.2963967403416242,301.5
-0.3047249889004068,302
-0.3130295671761128,302.5
-0.3213098306569332,303
-0.32956513684768063,303.5
-0.3377948453270391,304
-0.3459983178045842,304.5
-0.3541749181775666,305
-0.3623240125874514,305.5
-0.37044496947620553,306
-0.3785371596423265,306.5
-0.3865999562966042,307
-0.3946327351176102,307.5
-0.40263487430690503,308
-0.4106057546439586,308.5
-0.4185447595407749,309
-0.4264512750962155,309.5
-0.43432469015001307,310
-0.4421643963364702,310.5
-0.4499697881378347,311
-0.4577402629373461,311.5
-0.4654752210719455,312
-0.4731740658846434,312.5
-0.48083620377653774,313
-0.48846104425847636,313.5
-0.49604800000235777,314
-0.5035964868920627,314.5
-0.511105924074012,315
-0.5185757340073427,315.5
-0.526005342513698,316
-0.5333941788266241,316.5
-0.5407416756405679,317
-0.5480472691594707,317.5
-0.555310399144951,318
-0.5625305089640715,318.5
-0.5697070456366845,319
-0.5768394598823502,319.5
-0.5839272061668223,320
-0.5909697427480961,320.5
-0.5979665317220143,321
-0.6049170390674229,321.5
-0.6118207346908757,322
-0.6186770924708804,322.5
-0.6254855903016812,323
-0.6322457101365737,323.5
-0.6389569380307496,324
-0.6456187641836617,324.5
-0.6522306829809099,325
-0.6587921930356408,325.5
-0.6653027972294576,326
-0.671762002752836,326.5
-0.6781693211450426,327
-0.684524268333551,327.5
-0.6908263646729522,328
-0.6970751349833564,328.5
-0.70327010858828,329
-0.7094108193520182,329.5
-0.7154968057164961,330
-0.7215276107375967,330.5
-0.7275027821209632,331
-0.733421872257271,331.5
-0.739284438256967,332
-0.7450900419844745,332.5
-0.7508382500918586,333
-0.756528634051951,333.5
-0.7621607701909322,334
-0.7677342397203665,334.5
-0.7732486287686893,335
-0.7787035284121441,335.5
-0.784098534705166,336
-0.7894332487102115,336.5
-0.7947072765270304,337
-0.7999202293213807,337.5
-0.8050717233531817,338
-0.8101613800041063,338.5
-0.8151888258046097,339
-0.820153692460393,339.5
-0.8250556168783016,340
-0.8298942411916551,340.5
-0.8346692127850098,341
-0.8393801843183522,341.5
-0.8440268137507202,342
-0.8486087643632565,342.5
-0.8531257047816871,343
-0.85757730899823,343.5
-0.8619632563929293,344
-0.8662832317544173,344.5
-0.8705369253001035,345
-0.8747240326957881,345.5
-0.8788442550747039,346
-0.8828972990559837,346.5
-0.8868828767625536,347
-0.890800705838454,347.5
-0.8946505094655868,348
-0.8984320163798897,348.5
-0.9021449608869395,349
-0.9057890828769829,349.5
-0.9093641278393961,350
-0.9128698468765752,350.5
-0.9163059967172567,351
-0.9196723397292698,351.5
-0.9229686439317213,352
-0.9261946830066143,352.5
-0.9293502363099022,353
-0.9324350888819783,353.5
-0.9354490314576046,354
-0.9383918604752776,354.5
-0.9412633780860364,355
-0.9440633921617128,355.5
-0.9467917163026247,356
-0.9494481698447164,356.5
-0.9520325778661455,357
-0.95454477119332,357.5
-0.9569845864063871,358
-0.9593518658441746,358.5
-0.96164645760859,359
-0.9638682155684759,359.5
-0.9660169993629268,360
-0.9680926744040683,360.5
-0.9700951118793015,361
-0.9720241887530152,361.5
-0.9738797877677681,362
-0.9756617974449443,362.5
-0.9773701120848839,363
-0.9790046317664924,363.5
-0.9805652623463311,364
-0.9820519154571914,364.5
-0.9834645085061563,365
-0.9848029646721518,365.5
-0.9860672129029915,366
-0.9872571879119173,366.5
-0.9883728301736388,367
-0.9894140859198763,367.5
-0.9903809071344088,368
-0.9912732515476316,368.5
-0.992091082630625,369
-0.9928343695887415,369.5
-0.9935030873547094,370
-0.9940972165812614,370.5
-0.9946167436332877,371
-0.9950616605795207,371.5
-0.995431965183752,372
-0.9957276608955872,372.5
-0.9959487568407415,373
-0.9960952678108792,373.5
-0.9961672142530027,374
-0.9961646222583928,374.5
-0.9960875235511053,375
-0.9959359554760274,375.5
-0.9957099609864979,376
-0.9954095886314946,376.5
-0.9950348925423943,377
-0.9945859324193068,377.5
-0.9940627735169901,378
-0.9934654866303484,378.5
-0.9927941480795172,379
-0.992048839694541,379.5
-0.9912296487996468,380
-0.990336668197116,380.5
-0.9893699961507622,381
-0.9883297363690157,381.5
-0.9872159979876212,382
-0.986028895551951,382.5
-0.9847685489989394,383
-0.9834350836386418,383.5
-0.9820286301354229,384
-0.9805493244887771,384.5
-0.9789973080137881,385
-0.9773727273212286,385.5
-0.9756757342973059,386
-0.9739064860830589,386.5
-0.9720651450534071,387
-0.9701518787958614,387.5
-0.9681668600888941,388
-0.9661102668799784,388.5
-0.9639822822632982,389
-0.9617830944571341,389.5
-0.9595128967809279,390
-0.957171887632032,390.5
-0.9547602704621474,391
-0.952278253753453,391.5
-0.9497260509944321,392
-0.9471038806553999,392.5
-0.9444119661637358,393
-0.9416505358788256,393.5
-0.9388198230667162,394
-0.9359200658744881,394.5
-0.9329515073043506,395
-0.9299143951874626,395.5
-0.9268089821574818,396
-0.9236355256238509,396.5
-0.9203942877448202,397
-0.9170855354002135,397.5
-0.9137095401639397,398
-0.9102665782762557,398.5
-0.9067569306157838,399
-0.9031808826712875,399.5
-0.8995387245132102,400
-0.8958307507649802,400.5
-0.8920572605740871,401
-0.8882185575829317,401.5
-0.8843149498994555,402
-0.8803467500675515,402.5
-0.8763142750372624,403
-0.8722178461347688,403.5
-0.86805778903217,404
-0.8638344337170647,404.5
-0.8595481144619321,405
-0.8551991697933186,405.5
-0.8507879424608334,406
-0.846314779405958,406.5
-0.8417800317306706,407
-0.8371840546658924,407.5
-0.8325272075397561,408
-0.827809853745703,408.5
-0.8230323607104113,409
-0.8181950998615576,409.5
-0.8132984465954178,410
-0.8083427802443095,410.5
-0.8033284840438781,411
-0.7982559451002336,411.5
-0.793125554356937,412
-0.7879377065618437,412.5
-0.7826928002338046,413
-0.7773912376292298,413.5
-0.7720334247085163,414
-0.7666197711023459,414.5
-0.7611506900778527,415
-0.7556265985046676,415.5
-0.750047916820839,416
-0.7444150689986355,416.5
-0.7387284825102329,417
-0.7329885882932881,417.5
-0.7271958207164033,418
-0.7213506175444839,418.5
-0.715453419903992,419
-0.7095046722480993,419.5
-0.7035048223217425,420
-0.6974543211265829,420.5
-0.6913536228858743,421
-0.6852031850092407,421.5
-0.6790034680573682,422
-0.672754935706612,422.5
-0.6664580547135226,423
-0.660113294879293,423.5
-0.6537211290141306,424
-0.6472820329015542,424.5
-0.6407964852626213,425
-0.6342649677200871,425.5
-0.6276879647624963,426
-0.6210659637082129,426.5
-0.6143994546693878,427
-0.6076889305158689,427.5
-0.6009348868390535,428
-0.5941378219156881,428.5
-0.5872982366716151,429
-0.5804166346454717,429.5
-0.5734935219523399,430
-0.5665294072473526,430.5
-0.5595248016892561,431
-0.5524802189039324,431.5
-0.5453961749478823,432
-0.5382731882716721,432.5
-0.5311117796833459,433
-0.5239124723118044,433.5
-0.5166757915701541,434
-0.5094022651190276,434.5
-0.5020924228298761,435
-0.49474679674823774,435.5
-0.48736592105698295,436
-0.47995033203953785,436.5
-0.47250056804308815,437
-0.46501716944176574,437.5
-0.4575006785998186,438
-0.44995163983476644,438.5
-0.4423705993805436,439
-0.43475810535063075,439.5
-0.4271147077011769,440
-0.4194409581941134,440.5
-0.4117374103602618,441
-0.4040046194624361,441.5
-0.396243142458542,442
-0.38845353796467386,442.5
-0.3806363662182112,443
-0.37279218904091554,443.5
-0.36492156980203017,444
-0.35702507338138234,444.5
-0.3491032661324913,445
-0.3411567158456816,445.5
-0.33318599171120383,446
-0.32519166428236473,446.5
-0.31717430543866604,447
-0.3091344883489548,447.5
-0.30107278743458593,448
-0.2929897783325978,448.5
-0.2848860378589025,449
-0.276762143971491,449.5
-0.268618675733656,450
-0.26045621327723084,450.5
-0.2522753377658486,451
-0.2440766313582196,451.5
-0.23586067717143036,452
-0.22762805924426366,452.5
-0.21937936250054116,453
-0.21111517271248975,453.5
-0.2028360764641319,454
-0.19454266111470145,454.5
-0.18623551476208527,455
-0.17791522620629205,455.5
-0.16958238491294864,456
-0.1612375809768251,456.5
-0.15288140508538894,457
-0.14451444848238945,457.5
-0.13613730293147308,458
-0.12775056067983015,458.5
-0.1193548144218741,459
-0.11095065726295347,459.5
-0.10253868268309792,460
-0.0941194845007983,460.5
-0.08569365683682202,461
-0.0772617940780639,461.5
-0.06882449084143341,462
-0.0603823419377789,462.5
-0.05193594233584919,463
-0.04348588712629347,463.5
-0.03503277148569978,464
-0.026577190640672828,464.5
-0.018119739831951604,465
-0.009661014278567377,465.5
-0.0012016091420426294,466
0.007257880509368596,466.5
0.015716859736398383,467
0.02417473376444017,467.5
0.032630908019181,468
0.04108478816219035,468.5
0.04953578012646499,469
0.05798329015192946,469.5
0.06642672482089167,470
0.07486549109345315,470.5
0.08329899634287355,471
0.09172664839088876,471.5
0.10014785554298263,472
0.10856202662361124,472.5
0.11696857101137988,473
0.12536689867417183,473.5
0.13375642020422904,474
0.1421365468531835,474.5
0.15050669056703994,475
0.15886626402110846,475.5
0.16721468065488707,476
0.17555135470689415,476.5
0.18387570124944946,477
0.19218713622340428,477.5
0.2004850764728196,478
0.20876893977959227,478.5
0.21703814489802853,479
0.22529211158936474,479.5
0.23353026065623458,480
0.24175201397708262,480.5
0.24995679454052352,481
0.25814402647964696,481.5
0.2663131351062672,482
0.2744635469451172,482.5
0.28259468976798746,483
0.2907059926278075,483.5
0.2987968858926716,484
0.306866801279807,484.5
0.3149151718894842,485
0.32294143223886973,485.5
0.33094501829581974,486
0.33892536751261554,486.5
0.3468819188596386,487
0.3548141128589865,487.5
0.362721391618028,488
0.37060319886289744,488.5
0.3784589799719275,489
0.38628818200902043,489.5
0.3940902537569564,490
0.40186464575063935,490.5
0.40961081031027907,491
0.41732820157450956,491.5
0.42501627553344234,492
0.43267449006165504,492.5
0.44030230495111417,493
0.4478991819440315,493.5
0.4554645847656538,494
0.4629979791569846,494.5
0.4704988329074382,495
0.477966615887425,495.5
0.4854008000808669,496
0.49280085961764303,496.5
0.5001662708059649,497
0.5074965121646795,497.5
0.5147910644555007,498
0.5220494107151679,498.5
0.5292710362875302,499
0.5364554288555579,499.5
0.5436020784732766,500
0.5507104775976275,500.5
0.5577801211202501,501
0.5648105063991871,501.5
0.5718011332905112,502
0.5787515041798734,502.5
0.5856611240139699,503
0.5925295003319291,503.5
0.5993561432966168,504
0.6061405657258575,504.5
0.6128822831235734,505
0.6195808137108381,505.5
0.6262356784568441,506
0.632846401109785,506.5
0.6394125082276485,507
0.6459335292089223,507.5
0.6524089963232093,508
0.6588384447417515,508.5
0.6652214125678633,509
0.6715574408672711,509.5
0.6778460736983585,510
0.6840868581423162,510.5
0.6902793443331964,511
0.6964230854878676,511.5
0.7025176379358727,512
0.7085625611491848,512.5
0.714557417771863,513
0.7205017736496048,513.5
0.7263951978591945,514
0.7322372627378466,514.5
0.7380275439124419,515
0.7437656203286553,515.5
0.7494510742799753,516
0.7550834914366104,516.5
0.7606624608742855,517
0.7661875751029222,517.5
0.7716584300952052,518
0.7770746253150307,518.5
0.7824357637458372,519
0.7877414519188155,519.5
0.792991299940997,520
0.7981849215232196,520.5
0.8033219340079674,521
0.8084019583970846,521.5
0.8134246193793611,522
0.818389545357987,522.5
0.8232963684778771,523
0.8281447246528598,523.5
0.832934253592732,524
0.8376645988301762,524.5
0.8423354077475391,525
0.8469463316034684,525.5
0.8514970255594075,526
0.8559871487059447,526.5
0.8604163640890167,527
0.8647843387359625,527.5
0.8690907436814271,528
0.8733352539931122,528.5
0.8775175487973719,529
0.8816373113046526,529.5
0.8856942288347727,530
0.8896879928420416,530.5
0.8936182989402159,531
0.8974848469272897,531.5
0.9012873408101175,532
0.9050254888288668,532.5
0.9086990034812996,533
0.9123076015468782,533.5
0.9158510041106955,534
0.9193289365872258,534.5
0.9227411287438934,535
0.9260873147244592,535.5
0.92936723307222,536
0.9325806267530192,536.5
0.935727243178067,537
0.938806834226567,537.5
0.9418191562681463,538
0.9447639701850881,538.5
0.9476410413943624,539
0.9504501398694538,539.5
0.9531910401619821,540
0.9558635214231158,540.5
0.9584673674247725,541
0.9610023665806063,541.5
0.9634683119667785,542
0.9658650013425083,542.5
0.9681922371704018,543
0.970449826636556,543.5
0.9726375816704353,544
0.974755318964518,544.5
0.9768028599937091,545
0.9787800310345173,545.5
0.9806866631839933,546
0.9825225923784268,546.5
0.9842876594117982,547
0.985981709953984,547.5
0.9876045945687115,548
0.9891561687312597,548.5
0.9906362928459049,549
0.9920448322631075,549.5
0.9933816572964355,550
0.9946466432392248,550.5
0.9958396703809703,551
0.9969606240234463,551.5
0.9980093944965537,552
0.9989858771738889,552.5
0.9998899724880336,553
1.000721585945562,553.5
1.0014806281417603,554
1.0021670147750588,554.5
1.0027806666611705,555
1.0033215097469346,555.5
1.0037894751238625,556
1.0041844990413809,556.5
1.004506522919771,557
1.0047554933627996,557.5
1.0049313621700404,558
1.0050340863488796,558.5
1.0050636281262053,559
1.0050199549597767,559.5
1.0049030395492704,560
1.0047128598469985,560.5
1.0044493990682988,561
1.0041126457015908,561.5
1.0037025935180972,562
1.003219241581225,562.5
1.002662594255605,563
1.0020326612157862,563.5
1.0013294574545806,564
1.0005530032910581,564.5
0.9997033243781852,565
0.9987804517101062,565.5
0.9977844216290642,566
0.9967152758319572,566.5
0.9955730613765273,567
0.9943578306871802,567.5
0.9930696415604303,568
0.9917085571699706,568.5
0.990274646071363,569
0.9887679822063447,569.5
0.9871886449067517,570
0.9855367188980518,570.5
0.9838122943024867,571
0.9820154666418203,571.5
0.9801463368396888,572
0.9782050112235509,572.5
0.9761916015262347,573
0.974106224887079,573.5
0.9719490038526641,574
0.9697200663771324,574.5
0.9674195458220938,575
0.9650475809561132,575.5
0.9626043159537783,576
0.9600899003943439,576.5
0.9575044892599515,577
0.9548482429334189,577.5
0.9521213271955998,578
0.9493239132223106,578.5
0.9464561775808177,579
0.9435183022258901,579.5
0.9405104744954077,580
0.9374328871055267,580.5
0.934285738145399,581
0.9310692310714411,581.5
0.927783574701155,582
0.9244289832064928,582.5
0.9210056761067664,583
0.9175138782610999,583.5
0.9139538198604209,584
0.9103257364189895,584.5
0.9066298687654633,585
0.9028664630334948,585.5
0.8990357706518615,586
0.8951380483341237,586.5
0.8911735580678116,587
0.8871425671031363,587.5
0.8830453479412254,588
0.8788821783218805,588.5
0.8746533412108547,589
0.8703591247866486,589.5
0.8659998224268237,590
0.8615757326938307,590.5
0.8570871593203518,591
0.852534411194156,591.5
0.8479178023424643,592
0.843237651915826,592.5
0.8384942841715031,593
0.8336880284563608,593.5
0.8288192191892669,594
0.8238881958429936,594.5
0.8188953029256246,595
0.8138408899614665,595.5
0.8087253114714605,596
0.8035489269530974,596.5
0.7983121008598326,597
0.7930152025800019,597.5
0.7876586064152368,598
0.7822426915583783,598.5
0.7767678420708911,599
0.7712344468597747,599.5
0.7656428996539731,600
0.7599935989802832,600.5
0.7542869481387598,601
0.7485233551776197,601.5
0.7427032328676428,602
0.7368269986760714,602.5
0.7308950747400079,603
0.7249078878393114,603.5
0.7188658693689917,604
0.7127694553111044,604.5
0.706619086206145,605
0.7004152071239436,605.5
0.6941582676340604,606
0.6878487217756842,606.5
0.6814870280270332,607
0.6750736492742594,607.5
0.6686090527798585,608
0.6620937101505857,608.5
0.655528097304879,609
0.6489126944397905,609.5
0.6422479859974286,610
0.6355344606309118,610.5
0.6287726111698347,611
0.6219629345852504,611.5
0.6151059319541682,612
0.608202108423571,612.5
0.6012519731739526,613
0.5942560393823778,613.5
0.5872148241850673,614
0.58012884863951,614.5
0.5729986376861038,615
0.5658247201093298,615.5
0.5586076284984592,616
0.5513478992077981,616.5
0.5440460723164726,617
0.5367026915877552,617.5
0.5293183044279377,618
0.5218934618447529,618.5
0.5144287184053469,619
0.5069246321938067,619.5
0.49938176476824686,620
0.49180068111745656,620.5
0.48418194961711214,621
0.4765261419855586,621.5
0.4688338332391634,622
0.46110560164724596,622.5
0.45334202868658763,623
0.4455436989955257,623.5
0.4377112003276352,624
0.4298451235050031,624.5
0.4219460623710986,625
0.4140146137432451,625.5
0.40605137736469654,626
0.3980569558563241,626.5
0.39003195466791707,627
0.38197698202910263,627.5
0.3738926488998902,628
0.3657795689208442,628.5
0.3576383583628903,629
0.3494696360767614,629.5
0.34127402344208674,630
0.33305214431613095,630.5
0.3248046249821875,631
0.31653209409763194,631.5
0.3082351826416412,632
0.29991452386258344,632.5
0.29157075322508524,633
0.28320450835678096,633.5
0.2748164289947505,634
0.2664071569316517,634.5
0.2579773359615525,635
0.24952761182547012,635.5
0.2410586321566221,636
0.23257104642539647,636.5
0.22406550588404672,637
0.2155426635111185,637.5
0.20700317395561374,638
0.19844769348089952,638.5
0.18987687990836766,639
0.18129139256085192,639.5
0.1726918922058097,640
0.16407904099827458,640.5
0.15545350242358708,641
0.14681594123991015,641.5
0.13816702342053652,642
0.12950741609599498,642.5
0.1208377874959626,643
0.11215880689099014,643.5
0.10347114453404772,644
0.0947754716018982,644.5
0.0860724601363053,645
0.07736278298508423,645.5
0.06864711374300177,646
0.05992612669253371,646.5
0.05120049674448678,647
0.042470899378492945,647.5
0.03373801058338332,648
0.025002506797449694,648.5
0.016265064848601053,649
0.007526361894422955,649.5
-0.0012129246378525564,650
-0.009952117111458672,650.5
-0.018690537740279414,651
-0.02742750864910126,651.5
-0.03616235193392287,652
-0.04489438972231514,652.5
-0.05362294423382352,653
-0.0623473378404048,653.5
-0.07106689312689028,654
-0.07978093295146751,654.5
-0.08848878050617237,655
-0.09718975937738364,655.5
-0.10588319360631218,656
-0.1145684077494763,656.5
-0.12324472693915567,657
-0.13191147694381544,657.5
-0.14056798422849273,658
-0.1492135760151374,658.5
-0.15784758034289884,659
-0.1664693261283509,659.5
-0.17507814322564713,660
-0.18367336248659785,660.5
-0.19225431582066124,661
-0.20082033625484041,661.5
-0.2093707579934785,662
-0.21790491647794377,662.5
-0.22642214844619651,663
-0.2349217919922301,663.5
-0.24340318662537822,664
-0.2518656733294799,664.5
-0.26030859462189515,665
-0.2687312946123627,665.5
-0.2771331190616927,666
-0.28551341544028513,666.5
-0.2938715329864684,667
-0.30220682276464816,667.5
-0.31051863772325994,668
-0.3188063327525175,668.5
-0.3270692647419492,669
-0.335306792637715,669.5
-0.3435182774996963,670
-0.3517030825583512,670.5
-0.3598605732713279,671
-0.3679901173798285,671.5
-0.3760910849647159,672
-0.3841628485023567,672.5
-0.3922047829201928,673
-0.400216265652034,673.5
-0.4081966766930653,674
-0.416145398654561,674.5
-0.424061816818299,675
-0.4319453191906683,675.5
-0.4397952965564626,676
-0.44761114253235346,676.5
-0.4553922536200361,677
-0.4631380292590409,677.5
-0.470847871879204,678
-0.4785211869527916,678.5
-0.48615738304626915,679
-0.4937558718717111,679.5
-0.5013160683378444,680
-0.5088373906007182,680.5
-0.5163192601139961,681
-0.5237611016788613,681.5
-0.5311623434935325,682
-0.5385224172023821,682.5
-0.5458407579446507,683
-0.5531168044027546,683.5
-0.5603499988501776,684
-0.567539787198943,684.5
-0.5746856190466612,685
-0.581786947723145,685.5
-0.5888432303365898,686
-0.595853927819312,686.5
-0.6028185049730405,687
-0.6097364305137574,687.5
-0.6166071771160812,688
-0.6234302214571893,688.5
-0.6302050442602742,689
-0.6369311303375286,689.5
-0.6436079686326547,690
-0.6502350522628952,690.5
-0.6568118785605782,691
-0.6633379491141747,691.5
-0.6698127698088632,692
-0.6762358508665973,692.5
-0.6826067068856732,693
-0.6889248568797914,693.5
-0.6951898243166126,694
-0.7014011371557981,694.5
-0.7075583278865377,695
-0.7136609335645575,695.5
-0.7197084958486051,696
-0.7257005610364096,696.5
-0.731636680100113,697
-0.73751640872117,697.5
-0.7433393073247131,698
-0.7491049411133799,698.5
-0.754812880100601,699
-0.7604626991433444,699.5
-0.7660539779743153,700
-0.7715863012336083,700.5
-0.7770592584998087,701
-0.7824724443205437,701.5
-0.7878254582424771,702
-0.7931179048407496,702.5
-0.7983493937478612,703
-0.8035195396819921,703.5
-0.8086279624747645,704
-0.81367428709844,704.5
-0.8186581436925534,705
-0.82357916758998,705.5
-0.8284369993424373,706
-0.8332312847454175,706.5
-0.8379616748625515,707
-0.8426278260494027,707.5
-0.8472293999766906,708
-0.8517660636529419,708.5
-0.8562374894465706,709
-0.8606433551073848,709.5
-0.8649833437875202,710
-0.8692571440618012,710.5
-0.8734644499475281,711
-0.8776049609236902,711.5
-0.8816783819496051,712
-0.8856844234829859,712.5
-0.8896228014974328,713
-0.8934932374993534,713.5
-0.897295458544309,714
-0.9010291972527897,714.5
-0.9046941918254165,715
-0.9082901860575733,715.5
-0.9118169293534678,716
-0.9152741767396236,716.5
-0.9186616888778032,717
-0.921979232077363,717.5
-0.9252265783070428,718
-0.9284035052061886,718.5
-0.9315097960954134,719
-0.9345452399866926,719.5
-0.9375096315929005,720
-0.9404027713367856,720.5
-0.9432244653593883,721
-0.9459745255279018,721.5
-0.9486527694429785,722
-0.9512590204454833,722.5
-0.9537931076226964,723
-0.9562548658139665,723.5
-0.9586441356158171,724
-0.9609607633865087,724.5
-0.9632046012500577,725
-0.9653755070997151,725.5
-0.9674733446009072,726
-0.9694979831936414,726.5
-0.9714492980943785,727
-0.9733271702973737,727.5
-0.975131486575491,728
-0.976862139480492,728.5
-0.9785190273428019,729
-0.9801020542707558,729.5
-0.981611130149329,730
-0.9830461706383522,730.5
-0.9844070971702172,731
-0.9856938369470734,731.5
-0.9869063229375205,732
-0.9880444938727988,732.5
-0.9891082942424819,733
-0.9900976742896739,733.5
-0.991012590005714,734
-0.9918530031243932,734.5
-0.9926188811156867,735
-0.9933101971790026,735.5
-0.9939269302359537,736
-0.9944690649226547,736.5
-0.9949365915815475,737
-0.9953295062527586,737.5
-0.995647810664995,738
-0.9958915122259758,738.5
-0.9960606240124118,739
-0.9961551647595288,739.5
-0.9961751588501441,740
-0.9961206363032961,740.5
-0.9959916327624342,741
-0.9957881894831705,741.5
-0.9955103533205978,742
-0.9951581767161783,742.5
-0.9947317176842075,743
-0.9942310397978542,743.5
-0.9936562121747853,744
-0.9930073094623758,744.5
-0.9922844118225095,745
-0.9914876049159741,745.5
-0.9906169798864553,746
-0.989672633344133,746.5
-0.9886546673488856,747
-0.9875631893931036,747.5
-0.9863983123841198,748
-0.985160154626258,748.5
-0.9838488398025059,749
-0.9824644969558157,749.5
-0.9810072604700354,750
-0.9794772700504778,750.5
-0.9778746707041287,751
-0.976199612719501,751.5
-0.9744522516461359,752
-0.9726327482737588,752.5
-0.9707412686110911,753
-0.9687779838643243,753.5
-0.9667430704152602,754
-0.9646367097991198,754.5
-0.9624590886820275,755
-0.960210398838174,755.5
-0.9578908371266609,756
-0.9555006054680332,756.5
-0.953039910820502,757
-0.9505089651558638,757.5
-0.9479079854351183,758
-0.9452371935837907,758.5
-0.9424968164669617,759
-0.9396870858640096,759.5
-0.9368082384430697,760
-0.9338605157352128,760.5
-0.9308441641083492,761
-0.9277594347408622,761.5
-0.9246065835949729,762
-0.9213858713898442,762.5
-0.9180975635744233,763
-0.9147419303000329,763.5
-0.9113192463927088,764
-0.9078297913252921,764.5
-0.9042738491892793,765
-0.9006517086664332,765.5
-0.8969636630001591,766
-0.8932100099666511,766.5
-0.8893910518458118,767
-0.8855070953919479,767.5
-0.8815584518042494,768
-0.8775454366970523,768.5
-0.8734683700698904,769
-0.8693275762773407,769.5
-0.865123383998665,770
-0.8608561262072519,770.5
-0.8565261401398641,771
-0.8521337672656911,771.5
-0.8476793532552176,772
-0.8431632479489033,772.5
-0.8385858053256849,773
-0.833947383471299,773.5
-0.8292483445464318,774
-0.8244890547546996,774.5
-0.8196698843104613,775
-0.8147912074064695,775.5
-0.8098534021813611,776
-0.8048568506869922,776.5
-0.7998019388556205,777
-0.7946890564669387,777.5
-0.7895185971149619,778
-0.7842909581747728,778.5
-0.7790065407691276,779
-0.7736657497349265,779.5
-0.7682689935895514,780
-0.762816684497074,780.5
-0.7573092382343385,781
-0.751747074156921,781.5
-0.7461306151649687,782
-0.7404602876689232,782.5
-0.7347365215551293,783
-0.7289597501513336,783.5
-0.7231304101920759,784
-0.7172489417839751,784.5
-0.7113157883709136,785
-0.7053313966991234,785.5
-0.6992962167821755,786
-0.6932107018658769,786.5
-0.6870753083930766,787
-0.6808904959683845,787.5
-0.6746567273228051,788
-0.6683744682782896,788.5
-0.6620441877122076,789
-0.6556663575217431,789.5
-0.6492414525882153,790
-0.6427699507413283,790.5
-0.6362523327233511,791
-0.6296890821532319,791.5
-0.6230806854906469,792
-0.6164276319999881,792.5
-0.6097304137142918,793
-0.60298952539911,793.5
-0.5962054645163264,794
-0.5893787311879213,794.5
-0.5825098281596849,795
-0.5755992607648839,795.5
-0.568647536887882,796
-0.5616551669277163,796.5
-0.5546226637616332,797
-0.5475505427085838,797.5
-0.5404393214926836,798
-0.5332895202066354,798.5
-0.5261016612751203,799
-0.5188762694181557,799.5
-0.5116138716144263,800
-0.5043149970645855,800.5
-0.4969801771545327,801
-0.4896099454186661,801.5
-0.4822048375031139,802
-0.4747653911289451,802.5
-0.4672921460553626,803
-0.4597856440428789,803.5
-0.45224642881647703,804
-0.4446750460287584,804.5
-0.437072043223079,805
-0.4294379697966749,805.5
-0.42177337696378026,806
-0.41407881771873734,806.5
-0.4063548467991018,807
-0.3986020206487437,807.5
-0.3908208973809462,808
-0.38301203674150286,808.5
-0.3751760000718155,809
-0.3673133502719938,809.5
-0.3594246517639579,810
-0.3515104704545453,810.5
-0.3435713736986235,811
-0.33560793026220953,811.5
-0.3276207102855978,812
-0.3196102852464973,812.5
-0.31157722792317916,813
-0.30352211235763643,813.5
-0.29544551381875644,814
-0.2873480087655073,814.5
-0.27923017481013973,815
-0.2710925906814047,815.5
-0.26293583618778876,816
-0.2547604921807676,816.5
-0.2465671405180785,817
-0.23835636402701374,817.5
-0.2301287464677349,818
-0.2218848724966093,818.5
-0.21362532762956987,819
-0.20535069820549884,819.5
-0.19706157134963648,820
-0.1887585349370156,820.5
-0.18044217755592265,821
-0.1721130884713864,821.5
-0.1637718575886948,822
-0.155419075416941,822.5
-0.1470553330325991,823
-0.13868122204313066,823.5
-0.13029733455062242,824
-0.12190426311545625,824.5
-0.11350260072001163,825
-0.1050929407324019,825.5
-0.09667587687024444,826
-0.0882520031644658,826.5
-0.07982191392314222,827
-0.07138620369537627,827.5
-0.06294546723521019,828
-0.0545002994655767,828.5
-0.04605129544228746,829
-0.037599050318060365,829.5
-0.029144159306585662,830
-0.020687217646631867,830.5
-0.012228820566191807,831
-0.0037695632466694198,831.5
0.004689959212892187,832
0.0131491518315409,832.5
0.021607419782103468,833
0.030064168426830573,833.5
0.03851880335299863,834
0.04697073040846781,834.5
0.05541935573719581,835
0.0638640858147069,835.5
0.07230432748351583,836
0.08073948798850607,836.5
0.08916897501226191,837
0.09759219671035423,837.5
0.10600856174657901,838
0.11441747932814872,838.5
0.12281835924083566,839
0.13121061188406719,839.5
0.13959364830597212,840
0.14796688023837823,840.5
0.15632972013176008,841
0.16468158119013682,841.5
0.17302187740592,842
0.18135002359471028,842.5
0.18966543543004308,843
0.19796752947808263,843.5
0.20625572323226427,844
0.21452943514788395,844.5
0.2227880846766352,845
0.23103109230109284,845.5
0.23925787956914302,846
0.24746786912835925,846.5
0.2556604847603239,847
0.26383515141489494,847.5
0.27199129524441745,848
0.28012834363787903,848.5
0.28824572525500947,849
0.29634287006032367,849.5
0.3044192093571075,850
0.3124741758213463,850.5
0.3205072035355953,851
0.32851772802279194,851.5
0.3365051862800091,852
0.3444690168121492,852.5
0.3524086596655784,853
0.3603235564617009,853.5
0.36821315043047187,854
0.3760768864438499,854.5
0.3839142110491872,855
0.39172457250255766,855.5
0.3995074208020223,856
0.4072622077208313,856.5
0.4149883868405623,857
0.42268541358419404,857.5
0.4303527452491155,858
0.43798984104006916,858.5
0.4455961621020282,859
0.4531711715530072,859.5
0.46071433451680527,860
0.46822511815568146,860.5
0.47570299170296154,861
0.48314742649557546,861.5
0.49055789600652533,862
0.4979338758772822,862.5
0.5052748439501125,863
0.5125802803003313,863.5
0.5198496672684849,864
0.5270824894924576,864.5
0.5342782339395065,865
0.54143638993822,865.5
0.5485564492104016,866
0.5556379059028768,866.5
0.5626802566192223,867
0.5696830004514183,867.5
0.576645639011421,868
0.5835676764626553,868.5
0.5904486195514271,869
0.5972879776382545,869.5
0.6040852627291152,870
0.6108399895066122,870.5
0.6175516753610537,871
0.6242198404214484,871.5
0.6308440075864145,872
0.6374237025550006,872.5
0.6439584538574201,873
0.6504477928856934,873.5
0.6568912539242026,874
0.6632883741801517,874.5
0.6696386938139374,875
0.6759417559694223,875.5
0.682197106804117,876
0.6884042955192631,876.5
0.6945628743898199,877
0.7006723987943533,877.5
0.7067324272448239,878
0.7127425214162739,878.5
0.7187022461764127,879
0.7246111696150979,879.5
0.7304688630737117,880
0.7362749011744311,880.5
0.7420288618493897,881
0.7477303263697312,881.5
0.7533788793745523,882
0.7589741088997326,882.5
0.7645156064066522,883
0.7700029668107937,883.5
0.7754357885102284,884
0.780813673413983,884.5
0.7861362269702885,885
0.7914030581947066,885.5
0.796613779698134,886
0.8017680077146818,886.5
0.8068653621294292,887
0.811905466506049,887.5
0.8168879481143035,888
0.8218124379574101,888.5
0.826678570799272,889
0.8314859851915762,889.5
0.8362343235007533,890
0.8409232319347993,890.5
0.8455523605699573,891
0.8501213633772563,891.5
0.8546298982489064,892
0.859077627024548,892.5
0.863464215517352,893
0.8677893335399709,893.5
0.8720526549303372,894
0.8762538575773078,894.5
0.8803926234461524,895
0.8844686386038835,895.5
0.8884815932444249,896
0.89243118171362,896.5
0.8963171025340725,897
0.9001390584298226,897.5
0.903896756350852,898
0.9075899074974193,898.5
0.9112182273442202,899
0.9147814356643724,899.5
0.9182792565532226,900
0.9217114184519719,900.5
0.9250776541711185,901
0.9283777009137159,901.5
0.9316113002984413,902
0.9347781983824763,902.5
0.9378781456841926,903
0.9409108972056436,903.5
0.9438762124548584,904
0.9467738554679347,904.5
0.94960359483093,905
0.9523652037015466,905.5
0.9550584598306086,906
0.9576831455833287,906.5
0.960239047960362,907
0.9627259586186431,907.5
0.9651436738920051,908
0.9674919948115773,908.5
0.9697707271259591,909
0.9719796813211665,909.5
0.9741186726403496,910
0.9761875211032774,910.5
0.9781860515255886,911
0.9801140935378027,911.5
0.9819714816040913,912
0.9837580550408069,912.5
0.9854736580347628,913
0.987118139661265,913.5
0.9886913539018926,914
0.9901931596620209,914.5
0.9916234207880886,915
0.9929820060846024,915.5
0.9942687893308777,916
0.9954836492975128,916.5
0.9966264697625928,917
0.9976971395276207,917.5
0.9986955524331715,918
0.9996216073742683,918.5
1.000475208315476,919
1.0012562643057088,919.5
1.0019646894927516,920
1.0026004031374876,920.5
1.0031633296278326,921
1.0036533984923728,921.5
1.0040705444137,922
1.0044147072414438,922.5
1.0046858320049985,923
1.004883868925938,923.5
1.0050087734301185,924
1.0050605061594642,924.5
1.0050390329834356,925
1.0049443250101733,925.5
1.0047763585973177,926
1.0045351153624982,926.5
1.004220582193493,927
1.003832751258051,927.5
1.003371620013378,928
1.0028371912152805,928.5
1.0022294729269647,929
1.001548478527489,929.5
1.0007942267198653,930
0.999966741538806,930.5
0.9990660523581146,931
0.9980921938977168,931.5
0.997045206230327,932
0.9959251347877506,932.5
0.9947320303668147,933
0.993465949134928,933.5
0.9921269526352654,934
0.9907151077915728,934.5
0.989230486912591,935
0.9876731676960957,935.5
0.9860432332325493,936
0.9843407720083616,936.5
0.9825658779087579,937
0.9807186502202507,937.5
0.9787991936327105,938
0.9768076182410362,938.5
0.9747440395464189,939
0.9726085784571973,939.5
0.9704013612893041,940
0.9681225197662957,940.5
0.9657721910189679,941
0.9633505175845503,941.5
0.960857647405479,942
0.9582937338277454,942.5
0.9556589355988162,943
0.952953416865123,943.5
0.9501773471691204,944
0.9473309014459066,944.5
0.944414260019408,945
0.9414276085981211,945.5
0.9383711382704131,946
0.935245045499375,946.5
0.9320495321172287,947
0.9287848053192822,947.5
0.925451077657432,948
0.9220485670332114,948.5
0.9185774966903808,949
0.915038095207058,949.5
0.9114305964873878,950
0.9077552397527461,950.5
0.9040122695324797,951
0.900201935654177,951.5
0.8963244932334689,952
0.8923802026633573,952.5
0.8883693296030704,953
0.8842921449664423,953.5
0.8801489249098134,954
0.8759399508194544,954.5
0.8716655092985062,955
0.8673258921534397,955.5
0.86292139638003,956
0.8584523241488455,956.5
0.85391898279025,957
0.8493216847789157,957.5
0.8446607477178463,958
0.8399364943219103,958.5
0.8351492524008802,959
0.8302993548419794,959.5
0.825387139591934,960
0.8204129496385294,960.5
0.8153771329916701,961
0.8102800426639424,961.5
0.8051220366506786,962
0.7999034779095225,962.5
0.7946247343394959,963
0.7892861787595631,963.5
0.7838881888866971,964
0.7784311473134429,964.5
0.7729154414849804,965
0.7673414636756847,965.5
0.7617096109651847,966
0.7560202852139206,966.5
0.7502738930381968,967
0.7444708457847351,967.5
0.7386115595047249,968
0.732696454927371,968.5
0.7267259574329406,969
0.7207004970253084,969.5
0.7146205083040015,970
0.7084864304357439,970.5
0.7022987071255004,971
0.6960577865870223,971.5
0.6897641215128955,972
0.6834181690440894,972.5
0.6770203907390109,973
0.6705712525420624,973.5
0.6640712247517058,974
0.6575207819880329,974.5
0.6509204031598447,975
0.6442705714312396,975.5
0.637571774187714,976
0.6308245030017742,976.5
0.6240292535980632,977
0.6171865258180038,977.5
0.6102968235839603,978
0.6033606548629186,978.5
0.5963785316296891,979
0.5893509698296349,979.5
0.5822784893409239,980
0.5751616139363119,980.5
0.5680008712444556,981
0.5607967927107594,981.5
0.5535499135577584,982
0.5462607727450406,982.5
0.5389299129287107,983
0.5315578804203986,983.5
0.5241452251458155,984
0.5166925006028601,984.5
0.50920026381928,985
0.501669075309889,985.5
0.4940994990333462,986
0.4864921023484973,986.5
0.4788474559702857,987
0.47116613392523315,987.5
0.4634487135064959,988
0.45569577522850035,988.5
0.4479079027811603,989
0.44008568298368217,989.5
0.43222970573796016,990
0.4243405639815675,990.5
0.41641885364034675,991
0.408465173580604,991.5
0.40048012556091145,992
0.3924643141835234,992.5
0.3844183468454094,993
0.3763428336889102,993.5
0.36823838755202115,994
0.36010562391830747,994.5
0.3519451608664573,995
0.3437576190194769,995.5
0.33554362149353384,996
0.3273037938464531,996.5
0.31903876402587134,997
0.3107491623170553,997.5
0.30243562129038976,998
0.29409877574854,998.5
0.28573926267329597,999
0.27735772117210217,999.5
0.2689547924242808,1000
0.26053111962695275,1000.5
0.2520873479406636,1001
0.24362412443472023,1001.5
0.23514209803224387,1002
0.22664191945494677,1002.5
0.21812424116763818,1003
0.20958971732246612,1003.5
0.20103900370290168,1004
0.19247275766747235,1004.5
0.18389163809325082,1005
0.17529630531910606,1005.5
0.1666874210887236,1006
0.15806564849340166,1006.5
0.14943165191463006,1007
0.14078609696645894,1007.5
0.132129650437664,1008
0.123462980233716,1008.5
0.11478675531856106,1009
0.10610164565621893,1009.5
0.09740832215220704,1010
0.08870745659479702,1010.5
0.07999972159611135,1011
0.07128579053306756,1011.5
0.06256633748817722,1012
0.05384203719020741,1012.5
0.04511356495471209,1013
0.036381596624441084,1013.5
0.027646808509634073,1014
0.018909877328207536,1014.5
0.01017148014584208,1015
0.0014322943159780696,1015.5
-0.007307002580272738,1016
-0.016045732794291778,1016.5
-0.024783218470186597,1017
-0.03351878170508432,1017.5
-0.04225174460947768,1018
-0.05098142936761581,1018.5
-0.05970715829793179,1019
-0.06842825391349901,1019.5
-0.07714403898250839,1020
-0.08585383658875853,1020.5
-0.0945569701921506,1021
-0.10325276368918022,1021.5
-0.11194054147341799,1022
-0.1206196284959709,1022.5
-0.1292893503259166,1023
-0.1379490332107021,1023.5
-0.14659800413649923,1024
-0.15523559088850886,1024.5
-0.16386112211120527,1025
-0.17247392736851333,1025.5
-0.18107333720391003,1026
-0.18965868320044244,1026.5
-0.19822929804065378,1027
-0.20678451556641045,1027.5
-0.21532367083862064,1028
-0.22384610019683804,1028.5
-0.23235114131874132,1029
-0.24083813327948267,1029.5
-0.2493064166108962,1030
-0.25775533336055956,1030.5
-0.26618422715069984,1031
-0.2745924432369363,1031.5
-0.2829793285668529,1032
-0.2913442318383906,1032.5
-0.29968650355805476,1033
-0.30800549609892713,1033.5
-0.3163005637584765,1034
-0.3245710628161593,1034.5
-0.33281635159080336,1035
-0.3410357904977667,1035.5
-0.3492287421058639,1036
-0.3573945711940528,1036.5
-0.36553264480787406,1037
-0.37364233231563587,1037.5
-0.3817230054643368,1038
-0.3897740384353193,1038.5
-0.3977948078996471,1039
-0.4057846930731984,1039.5
-0.41374307577146896,1040
-0.4216693404640768,1040.5
-0.4295628743289624,1041
-0.43742306730627756,1041.5
-0.4452493121519547,1042
-0.45304100449095186,1042.5
-0.460797542870165,1043
-0.4685183288110017,1043.5
-0.47620276686160967,1044
-0.483850264648753,1044.5
-0.49146023292933094,1045
-0.4990320856415309,1045.5
-0.5065652399556115,1046
-0.5140591163243086,1046.5
-0.5215131385328563,1047
-0.5289267337486216,1047.5
-0.5362993325703408,1048
-0.5436303690769568,1048.5
-0.5509192808760488,1049
-0.5581655091518487,1049.5
-0.5653684987128407,1050
-0.5725276980389356,1050.5
-0.5796425593282165,1051
-0.5867125385432507,1051.5
-0.5937370954569597,1052
-0.6007156936980467,1052.5
-0.6076478007959712,1053
-0.6145328882254718,1053.5
-0.6213704314506259,1054
-0.6281599099684462,1054.5
-0.6349008073520082,1055
-0.6415926112931024,1055.5
-0.6482348136444088,1056
-0.6548269104611882,1056.5
-0.6613684020424861,1057
-0.6678587929718458,1057.5
-0.6742975921575252,1058
-0.6806843128722143,1058.5
-0.6870184727922501,1059
-0.6932995940363228,1059.5
-0.6995272032036726,1060
-0.705700831411771,1060.5
-0.711820014333485,1061
-0.7178842922337191,1061.5
-0.7238932100055339,1062
-0.7298463172057356,1062.5
-0.7357431680899356,1063
-0.7415833216470766,1063.5
-0.7473663416334213,1064
-0.753091796606002,1064.5
-0.7587592599555293,1065
-0.7643683099387542,1065.5
-0.769918529710286,1066
-0.7754095073538582,1066.5
-0.7808408359130455,1067
-0.7862121134214256,1067.5
-0.7915229429321858,1068
-0.7967729325471731,1068.5
-0.8019616954453839,1069
-0.8070888499108935,1069.5
-0.8121540193602234,1070
-0.8171568323691438,1070.5
-0.8220969226989119,1071
-0.8269739293219427,1071.5
-0.8317874964469127,1072
-0.8365372735432953,1072.5
-0.8412229153653247,1073
-0.8458440819753918,1073.5
-0.850400438766867,1074
-0.8548916564863513,1074.5
-0.859317411255356,1075
-0.863677384591408,1075.5
-0.8679712634285832,1076
-0.8721987401374656,1076.5
-0.876359512544533,1077
-0.8804532839509694,1077.5
-0.8844797631509028,1078
-0.888438664449071,1078.5
-0.8923297076779126,1079
-0.8961526182140862,1079.5
-0.8999071269944169,1080
-0.9035929705312707,1080.5
-0.907209890927358,1081
-0.9107576358899656,1081.5
-0.91423595874462,1082
-0.9176446184481813,1082.5
-0.9209833796013692,1083
-0.924252012460722,1083.5
-0.9274502929499903,1084
-0.930578002670966,1084.5
-0.9336349289137486,1085
-0.9366208646664481,1085.5
-0.939535608624331,1086
-0.9423789651984039,1086.5
-0.9451507445234427,1087
-0.9478507624654655,1087.5
-0.9504788406286523,1088
-0.9530348063617132,1088.5
-0.9555184927637065,1089
-0.9579297386893103,1089.5
-0.9602683887535477,1090
-0.962534293335969,1090.5
-0.9647273085842935,1091
-0.9668472964175117,1091.5
-0.9688941245284516,1092
-0.9708676663858123,1092.5
-0.972767801235664,1093
-0.9745944141024215,1093.5
-0.9763473957892913,1094
-0.978026642878194,1094.5
-0.9796320577291676,1095
-0.9811635484792535,1095.5
-0.982621029040866,1096
-0.9840044190996521,1096.5
-0.9853136441118403,1097
-0.9865486353010863,1097.5
-0.9877093296548135,1098
-0.9887956699200565,1098.5
-0.9898076045988063,1099
-0.9907450879428645,1099.5
-0.9916080799482064,1100
-0.9923965463488597,1100.5
-0.9931104586102977,1101
-0.9937497939223568,1101.5
-0.9943145351916753,1102
-0.9948046710336612,1102.5
-0.9952201957639912,1103
-0.9955611093896453,1103.5
-0.9958274175994785,1104
-0.9960191317543368,1104.5
-0.9961362688767175,1105
-0.9961788516399815,1105.5
-0.9961469083571171,1106
-0.9960404729690627,1106.5
-0.9958595850325909,1107
-0.9956042897077569,1107.5
-0.9952746377449181,1108
-0.9948706854713241,1108.5
-0.9943924947772869,1109
-0.99384013310193,1109.5
-0.9932136734185235,1110
-0.9925131942194091,1110.5
-0.9917387795005175,1111
-0.9908905187454834,1111.5
-0.9899685069093628,1112
-0.9889728444019545,1112.5
-0.9879036370707333,1113
-0.9867609961833946,1113.5
-0.9855450384100205,1114
-0.9842558858048643,1114.5
-0.9828936657877649,1115
-0.9814585111251897,1115.5
-0.9799505599109135,1116
-0.9783699555463358,1116.5
-0.9767168467204416,1117
-0.9749913873894105,1117.5
-0.9731937367558763,1118
-0.9713240592478437,1118.5
-0.9693825244972646,1119
-0.9673693073182794,1119.5
-0.9652845876851266,1120
-0.9631285507097254,1120.5
-0.9609013866189359,1121
-0.9586032907315009,1121.5
-0.9562344634346722,1122
-0.9537951101605283,1122.5
-0.9512854413619852,1123
-0.9487056724885065,1123.5
-0.9460560239615143,1124
-0.94333672114951,1124.5
-0.9405479943429018,1125
-0.9376900787285517,1125.5
-0.9347632143640385,1126
-0.9317676461516461,1126.5
-0.9287036238120785,1127
-0.9255714018579073,1127.5
-0.9223712395667543,1128
-0.9191034009542145,1128.5
-0.9157681547465236,1129
-0.9123657743529728,1129.5
-0.9088965378380761,1130
-0.9053607278934941,1130.5
-0.9017586318097178,1131
-0.8980905414475171,1131.5
-0.8943567532091566,1132
-0.8905575680093849,1132.5
-0.8866932912461989,1133
-0.8827642327713889,1133.5
-0.8787707068608678,1134
-0.8747130321847872,1134.5
-0.8705915317774464,1135
-0.866406533006996,1135.5
-0.8621583675449415,1136
-0.8578473713354499,1136.5
-0.8534738845644628,1137
-0.8490382516286207,1137.5
-0.844540821104001,1138
-0.8399819457146749,1138.5
-0.8353619823010846,1139
-0.8306812917882475,1139.5
-0.8259402391537877,1140
-0.8211391933958009,1140.5
-0.8162785275005551,1141
-0.8113586184100304,1141.5
-0.8063798469893025,1142
-0.8013425979937716,1142.5
-0.7962472600362424,1143
-0.7910942255538562,1143.5
-0.7858838907748803,1144
-0.7806166556853574,1144.5
-0.7752929239956173,1145
-0.7699131031066564,1145.5
-0.7644776040763858,1146
-0.7589868415857529,1146.5
-0.7534412339047396,1147
-0.7478412028582381,1147.5
-0.7421871737918108,1148
-0.736479575537335,1148.5
-0.7307188403785357,1149
-0.7249054040164102,1149.5
-0.719039705534547,1150
-0.7131221873643425,1150.5
-0.7071532952501176,1151
-0.7011334782141374,1151.5
-0.6950631885215374,1152
-0.6889428816451577,1152.5
-0.6827730162302899,1153
-0.6765540540593373,1153.5
-0.6702864600163928,1154
-0.6639707020517361,1154.5
-0.6576072511462541,1155
-0.6511965812757845,1155.5
-0.6447391693753892,1156
-0.638235495303556,1156.5
-0.6316860418063338,1157
-0.6250912944814022,1157.5
-0.6184517417420794,1158
-0.6117678747812695,1158.5
-0.6050401875353517,1159
-0.5982691766480152,1159.5
-0.5914553414340394,1160
-0.5845991838430253,1160.5
-0.5777012084230762,1161
-0.5707619222844337,1161.5
-0.5637818350630683,1162
-0.5567614588842291,1162.5
-0.549701308325952,1163
-0.5426019003825316,1163.5
-0.5354637544279561,1164
-0.528287392179309,1164.5
-0.5210733376601383,1165
-0.5138221171637969,1165.5
-0.5065342592167533,1166
-0.49921029454187804,1166.5
-0.4918507560217044,1167
-0.4844561786616674,1167.5
-0.47702709955332173,1168
-0.46956405783754146,1168.5
-0.4620675946677015,1169
-0.45453825317284424,1169.5
-0.4469765784208327,1170
-0.4393831173814907,1170.5
-0.4317584188897328,1171
-0.42410303360868573,1171.5
-0.4164175139928014,1172
-0.4087024142509649,1172.5
-0.4009582903095976,1173
-0.3931856997757574,1173.5
-0.38538520190023756,1174
-0.37755735754066516,1174.5
-0.36970272912460117,1175
-0.36182188061264303,1175.5
-0.35391537746153096,1176
-0.34598378658725987,1176.5
-0.33802767632819775,1177
-0.33004761640821173,1177.5
-0.32204417789980316,1178
-0.31401793318725324,1178.5
-0.3059694559297796,1179
-0.29789932102470557,1179.5
-0.2898081045706436,1180
-0.28169638383069284,1180.5
-0.27356473719565294,1181
-0.2654137441472547,1181.5
-0.2572439852214089,1182
-0.24905604197147374,1182.5
-0.24085049693154265,1183
-0.2326279335797529,1183.5
-0.22438893630161602,1184
-0.21613409035337133,1184.5
-0.20786398182536298,1185
-0.1995791976054418,1185.5
-0.19128032534239264,1186
-0.182967953409388,1186.5
-0.17464267086746896,1187
-0.16630506742905407,1187.5
-0.15795573342147717,1188
-0.14959525975055463,1188.5
-0.14122423786418312,1189
-0.13284325971596841,1189.5
-0.12445291772888602,1190
-0.11605380475897435,1190.5
-0.10764651405906123,1191
-0.09923163924252426,1191.5
-0.09080977424708578,1192
-0.08238151329864307,1192.5
-0.07394745087513455,1193
-0.06550818167044234,1193.5
-0.05706430055833209,1194
-0.04861640255643043,1194.5
-0.04016508279024083,1195
-0.03171093645719829,1195.5
-0.023254558790763494,1196
-0.014796545024557031,1196.5
-0.006337490356534091,1197
0.00212201008679971,1197.5
0.0105813612861309,1198
0.019039968365038608,1198.5
0.027497236625652406,1199
0.03595257158426701,1199.5
0.04440537900691342,1200
0.052855064944885906,1200.5
0.0613010357702245,1201
0.06974269821115245,1201.5
0.07817945938746819,1202
0.08661072684589138,1202.5
0.0950359085953626,1203
0.10345441314229611,1203.5
0.1118656495257856,1204
0.12026902735276195,1204.5
0.12866395683310308,1205
0.1370498488146953,1205.5
0.14542611481844553,1206
0.15379216707324422,1206.5
0.16214741855087858,1207
0.17049128300089544,1207.5
0.17882317498541364,1208
0.18714250991388537,1208.5
0.1954487040778059,1209
0.2037411746853718,1209.5
0.21201933989608657,1210
0.22028261885531378,1210.5
0.22853043172877724,1211
0.23676219973700738,1211.5
0.2449773451897341,1212
0.25317529152022494,1212.5
0.2613554633195689,1213
0.26951728637090466,1213.5
0.27766018768359374,1214
0.28578359552733723,1214.5
0.2938869394662361,1215
0.30196965039279533,1215.5
0.3100311605618694,1216
0.31807090362455154,1216.5
0.3260883146620036,1217
0.33408283021922786,1217.5
0.3420538883387794,1218
0.35000092859441934,1218.5
0.3579233921247072,1219
0.36582072166653345,1219.5
0.3736923615885908,1220
0.38153775792478367,1220.5
0.38935635840757576,1221
0.3971476125012752,1221.5
0.4049109714352564,1222
0.41264588823711795,1222.5
0.42035181776577724,1223
0.4280282167444992,1223.5
0.43567454379386056,1224
0.44329025946464756,1224.5
0.4508748262706878,1225
0.45842770872161454,1225.5
0.46594837335556333,1226
0.47343628877180033,1226.5
0.4808909256632817,1227
0.48831175684914335,1227.5
0.4956982573071205,1228
0.5030499042058956,1228.5
0.5103661769373755,1229
0.5176465571488954,1229.5
0.5248905287753505,1230
0.5320975780712527,1230.5
0.5392671936427136,1231
0.5463988664793519,1231.5
0.5534920899861241,1232
0.5605463600150793,1232.5
0.5675611748970344,1233
0.574536035473173,1233.5
0.5814704451265623,1234
0.588363909813592,1234.5
0.5952159380953298,1235
0.6020260411687965,1235.5
0.6087937328981566,1236
0.6155185298458259,1236.5
0.6221999513034931,1237
0.6288375193230566,1237.5
0.6354307587474731,1238
0.6419791972415189,1238.5
0.6484823653224615,1239
0.6549397963906421,1239.5
0.6613510267599662,1240
0.6677155956883011,1240.5
0.6740330454077815,1241
0.6803029211550199,1241.5
0.6865247712012202,1242
0.6926981468821961,1242.5
0.69882260262829,1243
0.7048976959941928,1243.5
0.7109229876886637,1244
0.7168980416041467,1244.5
0.7228224248462856,1245
0.7286957077633325,1245.5
0.7345174639754523,1246
0.7402872704039183,1246.5
0.7460047073002,1247
0.7516693582749403,1247.5
0.757280810326822,1248
0.7628386538713203,1248.5
0.768342482769341,1249
0.7737918943557434,1249.5
0.7791864894677448,1250
0.7845258724732065,1250.5
0.789809651298798,1251
0.7950374374580407,1251.5
0.8002088460792264,1252
0.8053234959332097,1252.5
0.8103810094610749,1253
0.8153810128016722,1253.5
0.8203231358190236,1254
0.825207012129597,1254.5
0.8300322791294453,1255
0.8347985780212095,1255.5
0.8395055538409838,1256
0.8441528554850418,1256.5
0.8487401357364192,1257
0.8532670512913547,1257.5
0.8577332627855847,1258
0.8621384348204901,1258.5
0.8664822359890941,1259
0.8707643389019083,1259.5
0.8749844202126255,1260
0.8791421606436567,1260.5
0.8832372450115104,1261
0.8872693622520121,1261.5
0.891238205445362,1262
0.8951434718410287,1262.5
0.8989848628824761,1263
0.9027620842317221,1263.5
0.906474845793727,1264
0.9101228617406076,1264.5
0.9137058505356784,1265
0.917223534957312,1265.5
0.9206756421226219,1266
0.9240619035109623,1266.5
0.9273820549872437,1267
0.9306358368250598,1267.5
0.9338229937296271,1268
0.9369432748605308,1268.5
0.9399964338542769,1269
0.9429822288466473,1269.5
0.9459004224948557,1270
0.9487507819995008,1270.5
0.9515330791263149,1271
0.9542470902277068,1271.5
0.9568925962640925,1272
0.9594693828250151,1272.5
0.9619772401500497,1273
0.9644159631494891,1273.5
0.9667853514248107,1274
0.9690852092889192,1274.5
0.9713153457861633,1275
0.9734755747121245,1275.5
0.9755657146331734,1276
0.9775855889057926,1276.5
0.9795350256956624,1277
0.981413857996506,1277.5
0.9832219236486925,1278
0.9849590653575941,1278.5
0.9866251307116947,1279
0.9882199722004471,1279.5
0.9897434472318763,1280
0.9911954181499247,1280.5
0.9925757522515377,1281
0.9938843218034862,1281.5
0.9951210040589222,1282
0.9962856812736663,1282.5
0.997378240722222,1283
0.9983985747135157,1283.5
0.999346580606358,1284
1.0002221608246238,1284.5
1.0010252228721483,1285
1.001755679347336,1285.5
1.0024134479574778,1286
1.0029984515327766,1286.5
1.0035106180400746,1287
1.0039498805962823,1287.5
1.004316177481504,1288
1.004609452151856,1288.5
1.0048296532519803,1289
1.0049767346272396,1289.5
1.005050655335603,1290
1.005051379659209,1290.5
1.0049788771156114,1291
1.0048331224686946,1291.5
1.0046140957392666,1292
1.0043217822153183,1292.5
1.0039561724619495,1293
1.0035172623309565,1293.5
1.0030050529700811,1294
1.002419550831916,1294.5
1.001760767682461,1295
1.0010287206093322,1295.5
1.0002234320296182,1296
0.9993449296973785,1296.5
0.998393246710784,1297
0.997368421518895,1297.5
0.9962704979280748,1298
0.9950995251080327,1298.5
0.9938555575974983,1299
0.992538655309519,1299.5
0.9911488835363808,1300
0.9896863129541487,1300.5
0.9881510196268232,1301
0.9865430850101098,1301.5
0.9848625959547995,1302
0.9831096447097557,1302.5
0.9812843289245063,1303
0.9793867516514366,1303.5
0.9774170213475815,1304
0.9753752518760123,1304.5
0.9732615625068171,1305
0.9710760779176703,1305.5
0.9688189281939894,1306
0.9664902488286763,1306.5
0.9640901807214393,1307
0.9616188701776941,1307.5
0.9590764689070409,1308
0.9564631340213144,1308.5
0.9537790280322043,1309
0.9510243188484435,1309.5
0.9481991797725621,1310
0.945303789497203,1310.5
0.942338332100999,1311
0.9393029970440064,1311.5
0.9361979791626942,1312
0.933023478664485,1312.5
0.9297797011218483,1313
0.9264668574659388,1313.5
0.9230851639797836,1314
0.9196348422910087,1314.5
0.9161161193641106,1315
0.9125292274922643,1315.5
0.9088744042886676,1316
0.9051518926774224,1316.5
0.9013619408839461,1317
0.8975048024249144,1317.5
0.8935807360977335,1318
0.8895900059695376,1318.5
0.8855328813657116,1319
0.8814096368579374,1319.5
0.8772205522517604,1320
0.8729659125736763,1320.5
0.8686460080577356,1321
0.8642611341316643,1321.5
0.8598115914024989,1322
0.8552976856417355,1322.5
0.8507197277699903,1323
0.8460780338411706,1323.5
0.8413729250261556,1324
0.8366047275959836,1324.5
0.8317737729045488,1325
0.8268803973708009,1325.5
0.8219249424604513,1326
0.8169077546671827,1326.5
0.8118291854933606,1327
0.8066895914302487,1327.5
0.8014893339377234,1328
0.796228779423491,1328.5
0.7909082992218032,1329
0.7855282695716729,1329.5
0.780089071594589,1330
0.7745910912717293,1330.5
0.7690347194206725,1331
0.7634203516716074,1331.5
0.7577483884430404,1332
0.7520192349170004,1332.5
0.7462333010137429,1333
0.7403910013659495,1333.5
0.7344927552924284,1334
0.7285389867713105,1334.5
0.7225301244127456,1335
0.7164666014310976,1335.5
0.7103488556166391,1336
0.7041773293067446,1336.5
0.6979524693565876,1337
0.691674727109336,1337.5
0.6853445583658515,1338
0.6789624233538923,1338.5
0.6725287866968194,1339
0.6660441173818084,1339.5
0.6595088887275683,1340
0.6529235783515679,1340.5
0.6462886681367712,1341
0.6396046441978834,1341.5
0.6328719968471099,1342
0.626091220559428,1342.5
0.619262813937375,1343
0.6123872796753539,1343.5
0.6054651245234572,1344
0.5984968592508139,1344.5
0.5914829986084578,1345
0.5844240612917239,1345.5
0.5773205699021705,1346
0.5701730509090331,1346.5
0.5629820346102111,1347
0.5557480550927887,1347.5
0.5484716501930951,1348
0.5411533614563055,1348.5
0.5337937340955855,1349
0.526393316950782,1349.5
0.518952662446664,1350
0.5114723265507175,1350.5
0.503952868730494,1351
0.49639485191052146,1351.5
0.4887988424287761,1352
0.4811654099927214,1352.5
0.47349512763491775,1353
0.46578857166820486,1353.5
0.45804632164046294,1354
0.4502689602889546,1354.5
0.4424570734942529,1355
0.43461125023375896,1355.5
0.4267320825348133,1356
0.41882016542740574,1356.5
0.41087609689648735,1357
0.40290047783389,1357.5
0.3948939119898571,1358
0.38685700592419114,1358.5
0.37879036895702134,1359
0.3706946131191984,1359.5
0.3625703531023189,1360
0.35441820620838627,1360.5
0.3462387922991124,1361
0.3380327337448655,1361.5
0.3298006553732689,1362
0.3215431844174575,1362.5
0.3132609504639956,1363
0.30495458540046294,1363.5
0.29662472336271395,1364
0.28827200068181613,1364.5
0.27989705583067337,1365
0.27150052937034014,1365.5
0.2630830638960317,1366
0.25464530398283797,1366.5
0.24618789613114547,1367
0.23771148871177458,1367.5
0.22921673191083805,1368
0.22070427767432696,1368.5
0.21217477965243067,1369
0.20362889314359742,1369.5
0.19506727503834154,1370
0.18649058376280464,1370.5
0.17789947922207697,1371
0.16929462274328558,1371.5
0.1606766770184568,1372
0.15204630604715894,1372.5
0.143404175078933,1373
0.13475095055551797,1373.5
0.1260873000528777,1374
0.11741389222303686,1374.5
0.10873139673573272,1375
0.10004048421989026,1375.5
0.09134182620492778,1376
0.08263609506190044,1376.5
0.0739239639444889,1377
0.06520610672984085,1377.5
0.0564831979592725,1378
0.047755912778837895,1378.5
0.039024926879773374,1379
0.03029091643882499,1379.5
0.021554558058466372,1380
0.012816528707014793,1380.5
0.004077505658653195,1381
-0.00466183356663414,1381.5
-0.01340081126320444,1382
-0.022138749599969997,1382.5
-0.030874970680674588,1383
-0.039608796604224866,1383.5
-0.04833954952506885,1384
-0.057066551713613536,1384.5
-0.06578912561667374,1385
-0.07450659391794419,1385.5
-0.08321827959848682,1386
-0.0919235059972254,1386.5
-0.10062159687143936,1387
-0.1093118764572488,1387.5
-0.11799366953008278,1388
-0.12666630146512267,1388.5
-0.13532909829771264,1389
-0.14398138678372915,1389.5
-0.15262249445990153,1390
-0.1612517497040754,1390.5
-0.16986848179541097,1391
-0.17847202097450837,1391.5
-0.18706169850345147,1392
-0.19563684672576276,1392.5
-0.2041967991262609,1393
-0.21274089039081298,1393.5
-0.2212684564659734,1394
-0.22977883461850196,1394.5
-0.23827136349475225,1395
-0.2467453831799233,1395.5
-0.25520023525716595,1396
-0.26363526286653644,1396.5
-0.2720498107637891,1397
-0.2804432253790006,1397.5
-0.28881485487501746,1398
-0.2971640492057197,1398.5
-0.30549016017409214,1399
-0.31379254149009644,1399.5
-0.3220705488283356,1400
-0.33032353988550345,1400.5
-0.3385508744376118,1401
-0.3467519143969873,1401.5
-0.354926023869031,1402
-0.3630725692087326,1402.5
-0.37119091907693236,1403
-0.37928044449632337,1403.5
-0.38734051890718674,1404
-0.3953705182228521,1404.5
-0.4033698208848773,1405
-0.4113378079179387,1405.5
-0.4192738629844267,1406
-0.42717737243873727,1406.5
-0.4350477253812553,1407
-0.4428843137120204,1407.5
-0.4506865321840697,1408
-0.4584537784564505,1408.5
-0.46618545314689663,1409
-0.47388095988416046,1409.5
-0.48153970535999585,1410
-0.48916109938078456,1410.5
-0.4967445549187997,1411
-0.5042894881631003,1411.5
-0.5117953185700506,1412
-0.5192614689134578,1412.5
-0.5266873653343228,1413
-0.534072437390196,1413.5
-0.5414161181041363,1414
-0.5487178440132615,1414.5
-0.5559770552168913,1415
-0.5631931954242709,1415.5
-0.5703657120018739,1416
-0.577494056020277,1416.5
-0.5845776823006025,1417
-0.5916160494605212,1417.5
-0.5986086199598128,1418
-0.6055548601454778,1418.5
-0.612454240296395,1419
-0.6193062346675207,1419.5
-0.6261103215336257,1420
-0.6328659832325625,1420.5
-0.639572706208061,1421
-0.6462299810520464,1421.5
-0.6528373025464768,1422
-0.659394169704692,1422.5
-0.6659000858122757,1423
-0.6723545584674203,1423.5
-0.6787570996207957,1424
-0.6851072256149141,1424.5
-0.69140445722299,1425
-0.6976483196872897,1425.5
-0.7038383427569673,1426
-0.7099740607253848,1426.5
-0.7160550124669112,1427
-0.7220807414731973,1427.5
-0.7280507958889254,1428
-0.7339647285470275,1428.5
-0.7398220970033718,1429
-0.7456224635709128,1429.5
-0.7513653953533034,1430
-0.7570504642779651,1430.5
-0.7626772471286153,1431
-0.7682453255772481,1431.5
-0.7737542862155664,1432
-0.7792037205858636,1432.5
-0.7845932252113518,1433
-0.789922401625936,1433.5
-0.7951908564034307,1434
-0.8003982011862185,1434.5
-0.8055440527133474,1435
-0.8106280328480668,1435.5
-0.8156497686048007,1436
-0.8206088921755539,1436.5
-0.8255050409557549,1437
-0.8303378575695287,1437.5
-0.8351069898944035,1438
-0.8398120910854462,1438.5
-0.8444528195988288,1439
-0.8490288392148233,1439.5
-0.8535398190602249,1440
-0.8579854336302029,1440.5
-0.8623653628095783,1441
-0.8666792918935303,1441.5
-0.8709269116077265,1442
-0.8751079181278814,1442.5
-0.8792220130987409,1443
-0.8832689036524931,1443.5
-0.8872483024266055,1444
-0.8911599275810885,1444.5
-0.8950035028151876,1445
-0.8987787573835004,1445.5
-0.9024854261115239,1446
-0.9061232494106289,1446.5
-0.9096919732924643,1447
-0.9131913493827912,1447.5
-0.9166211349347474,1448
-0.9199810928415446,1448.5
-0.9232709916485973,1449
-0.9264906055650872,1449.5
-0.929639714474961,1450
-0.9327181039473662,1450.5
-0.9357255652465236,1451
-0.9386618953410404,1451.5
-0.9415268969126627,1452
-0.9443203783644715,1452.5
-0.9470421538285232,1453
-0.9496920431729352,1453.5
-0.9522698720084204,1454
-0.9547754716942699,1454.5
-0.9572086793437898,1455
-0.9595693378291902,1455.5
-0.9618572957859308,1456
-0.9640724076165255,1456.5
-0.9662145334938061,1457
-0.9682835393636514,1457.5
-0.9702792969471788,1458
-0.9722016837424071,1458.5
-0.9740505830253869,1459
-0.9758258838508066,1459.5
-0.9775274810520728,1460
-0.9791552752408699,1460.5
-0.9807091728062013,1461
-0.9821890859129148,1461.5
-0.983594932499716,1462
-0.9849266362766702,1462.5
-0.9861841267222006,1463
-0.9873673390795799,1463.5
-0.9884762143529242,1464
-0.989510699302688,1464.5
-0.9904707464406661,1465
-0.9913563140245054,1465.5
-0.9921673660517284,1466
-0.9929038722532738,1466.5
-0.993565808086557,1467
-0.9941531547280525,1467.5
-0.9946658990654045,1468
-0.995104033689067,1468.5
-0.995467556883478,1469
-0.9957564726177717,1469.5
-0.9959707905360307,1470
-0.9961105259470849,1470.5
-0.9961756998138586,1471
-0.9961663387422688,1471.5
-0.9960824749696819,1472
-0.9959241463529304,1472.5
-0.9956913963558919,1473
-0.9953842740366383,1473.5
-0.9950028340341565,1474
-0.9945471365546438,1474.5
-0.9940172473573855,1475
-0.9934132377402146,1475.5
-0.9927351845245604,1476
-0.9919831700400897,1476.5
-0.9911572821089427,1477
-0.9902576140295709,1477.5
-0.9892842645601783,1478
-0.9882373379017716,1478.5
-0.9871169436808234,1479
-0.985923196931551,1479.5
-0.984656218077818,1480
-0.9833161329146602,1480.5
-0.9819030725894405,1481
-0.9804171735826385,1481.5
-0.9788585776882767,1482
-0.9772274319939901,1482.5
-0.975523888860741,1483
-0.9737481059021855,1483.5
-0.971900245963693,1484
-0.969980477101026,1484.5
-0.9679889725586838,1485
-0.9659259107479115,1485.5
-0.9637914752243826,1486
-0.9615858546655569,1486.5
-0.9593092428477186,1487
-0.9569618386226983,1487.5
-0.9545438458942853,1488
-0.9520554735943306,1488.5
-0.9494969356585485,1489
-0.9468684510020192,1489.5
-0.9441702434943968,1490
-0.9414025419348268,1490.5
-0.9385655800265778,1491
-0.935659596351391,1491.5
-0.9326848343435525,1492
-0.9296415422636913,1492.5
-0.9265299731723081,1493
-0.9233503849030388,1493.5
-0.9201030400356566,1494
-0.9167882058688172,1494.5
-0.9134061543925507,1495
-0.9099571622605044,1495.5
-0.9064415107619413,1496
-0.9028594857934967,1496.5
-0.8992113778306987,1497
-0.8954974818992549,1497.5
-0.8917180975461115,1498
-0.8878735288102857,1498.5
-0.8839640841934786,1499
-0.8799900766304694,1499.5
-0.8759518234592978,1500
-0.871849646391236,1500.5
-0.8676838714805548,1501
-0.8634548290940899,1501.5
-0.859162853880607,1502
-0.8548082847399757,1502.5
-0.8503914647921512,1503
-0.8459127413459698,1503.5
-0.8413724658677613,1504
-0.8367709939497813,1504.5
-0.8321086852784688,1505
-0.827385903602531,1505.5
-0.8226030167008592,1506
-0.8177603963502803,1506.5
-0.8128584182931462,1507
-0.8078974622047653,1507.5
-0.8028779116606798,1508
-0.7978001541037908,1508.5
-0.792664580811337,1509
-0.7874715868617277,1509.5
-0.7822215711012354,1510
-0.7769149361105508,1510.5
-0.7715520881712029,1511
-0.7661334372318478,1511.5
-0.7606593968744298,1512
-0.755130384280218,1512.5
-0.7495468201957198,1513
-0.7439091288984776,1513.5
-0.7382177381627485,1514
-0.7324730792250727,1514.5
-0.7266755867497315,1515
-0.7208256987941,1515.5
-0.7149238567738944,1516
-0.7089705054283212,1516.5
-0.7029660927851269,1517
-0.6969110701255534,1517.5
-0.6908058919492012,1518
-0.684651015938804,1518.5
-0.6784469029249156,1519
-0.672194016850515,1519.5
-0.665892824735528,1520
-0.6595437966412719,1520.5
-0.6531474056348245,1521
-0.6467041277533186,1521.5
-0.6402144419681676,1522
-0.6336788301492206,1522.5
-0.6270977770288542,1523
-0.6204717701659997,1523.5
-0.6138012999101098,1524
-0.6070868593650662,1524.5
-0.6003289443530323,1525
-0.5935280533782514,1525.5
-0.5866846875907933,1526
-0.5797993507502518,1526.5
-0.572872549189395,1527
-0.5659047917777714,1527.5
-0.5588965898852721,1528
-0.5518484573456536,1528.5
-0.5447609104200208,1529
-0.5376344677602749,1529.5
-0.5304696503725258,1530
-0.5232669815804726,1530.5
-0.516026986988753,1531
-0.5087501944462652,1531.5
-0.5014371340094614,1532
-0.4940883379056186,1532.5
-0.4867043404960841,1533
-0.4792856782395013,1533.5
-0.47183288965501624,1534
-0.46434651528546494,1534.5
-0.4568270976605462,1535
-0.4492751812599793,1535.5
-0.44169131247664933,1536
-0.4340760395797413,1536.5
-0.4264299126778647,1537
-0.4187534836821703,1537.5
-0.4110473062694609,1538
-0.40331193584529634,1538.5
-0.3955479295070958,1539
-0.38775584600723795,1539.5
-0.37993624571616047,1540
-0.37208969058546054,1540.5
-0.3642167441109974,1541
-0.3563179712959987,1541.5
-0.34839393861417123,1542
-0.34044521397281857,1542.5
-0.33247236667596547,1543
-0.3244759673874911,1543.5
-0.31645658809427224,1544
-0.3084148020693373,1544.5
-0.30035118383503306,1545
-0.2922663091262039,1545.5
-0.2841607548533862,1546
-0.27603509906601825,1546.5
-0.26788992091566594,1547
-0.2597258006192674,1547.5
-0.2515433194223953,1548
-0.24334305956253904,1548.5
-0.2351256042324082,1549
-0.22689153754325658,1549.5
-0.21864144448822978,1550
-0.2103759109057355,1550.5
-0.20209552344283882,1551
-0.1938008695186821,1551.5
-0.18549253728793152,1552
-0.1771711156042503,1552.5
-0.16883719398379965,1553
-0.16049136256876848,1553.5
-0.1521342120909322,1554
-0.1437663338352419,1554.5
-0.13538831960344416,1555
-0.12700076167773267,1555.5
-0.11860425278443196,1556
-0.11019938605771434,1556.5
-0.10178675500335048,1557
-0.09336695346249424,1557.5
-0.0849405755755028,1558
-0.07650821574579224,1558.5
-0.06807046860372953,1559
-0.05962792897056146,1559.5
-0.05118119182238107,1560
-0.0427308522541322,1560.5
-0.03427750544365276,1561
-0.02582174661575726,1561.5
-0.017364171006359178,1562
-0.008905373826633681,1562.5
-0.00044595022722125724,1563
0.00801350473752721,1563.5
0.01647239614526344,1564
0.02493012924131227,1564.5
0.03338610947429926,1565
0.041839742531734815,1565.5
0.05029043437555443,1566
0.05873759127761453,1566.5
0.06718061985514337,1567
0.07561892710614677,1567.5
0.08405192044476792,1568
0.09247900773660107,1568.5
0.10089959733395848,1569
0.10931309811109034,1569.5
0.1177189194993571,1570
0.12611647152235386,1570.5
0.13450516483098635,1571
0.14288441073849806,1571.5
0.15125362125544833,1572
0.15961220912464058,1572.5
0.16795958785600054,1573
0.17629517176140408,1573.5
0.1846183759894541,1574
0.19292861656020618,1574.5
0.2012253103998424,1575
0.20950787537529322,1575.5
0.21777573032880676,1576
0.2260282951124651,1576.5
0.23426499062264733,1577
0.24248523883443882,1577.5
0.25068846283598634,1578
0.2588740868627985,1578.5
0.2670415363319913,1579
0.27519023787647817,1579.5
0.2833196193791042,1580
0.29142911000672417,1580.5
0.2995181402442235,1581
0.30758614192848266,1581.5
0.3156325482822834,1582
0.32365679394815705,1582.5
0.3316583150221748,1583
0.33963654908767826,1583.5
0.34759093524895096,1584
0.3555209141648301,1584.5
0.3634259280822576,1585
0.3713054208697703,1585.5
0.37915883805092904,1586
0.38698562683768534,1586.5
0.3947852361636863,1587
0.40255711671751626,1587.5
0.41030072097587444,1588
0.41801550323668973,1588.5
0.42570091965216994,1589
0.43335642826178616,1589.5
0.44098148902519174,1590
0.44857556385507447,1590.5
0.45613811664994214,1591
0.46366861332684073,1591.5
0.4711665218540039,1592
0.47863131228343436,1592.5
0.48606245678341536,1593
0.49345942967095213,1593.5
0.500821707444143,1594
0.5081487688144781,1594.5
0.5154400947390673,1595
0.5226951684527936,1595.5
0.5299134755003945,1596
0.5370945037684676,1596.5
0.5442377435174018,1597
0.551342687413233,1597.5
0.5584088305594218,1598
0.5654356705285548,1598.5
0.572422707393967,1599
0.5793694437612847,1599.5
0.5862753847998894,1600
0.5931400382742992,1600.5
0.5999629145754696,1601
0.6067435267520107,1601.5
0.6134813905413209,1602
0.6201760244006363,1602.5
0.6268269495379933,1603
0.633433689943106,1603.5
0.6399957724181545,1604
0.6465127266084854,1604.5
0.6529840850332218,1605
0.6594093831157837,1605.5
0.665788159214314,1606
0.6721199546520144,1606.5
0.6784043137473844,1607
0.684640783844367,1607.5
0.690828915342396,1608
0.6969682617263467,1608.5
0.7030583795963876,1609
0.7090988286977304,1609.5
0.715089171950281,1610
0.7210289754781848,1610.5
0.7269178086392697,1611
0.7327552440543833,1611.5
0.7385408576366227,1612
0.7442742286204566,1612.5
0.7499549395907372,1613
0.7555825765116014,1613.5
0.7611567287552596,1614
0.7666769891306698,1614.5
0.7721429539120965,1615
0.7775542228675532,1615.5
0.7829103992871244,1616
0.7882110900111701,1616.5
0.7934559054584058,1617
0.7986444596538609,1617.5
0.8037763702567108,1618
0.8088512585879832,1618.5
0.8138687496581353,1619
0.818828472194501,1619.5
0.8237300586686057,1620
0.8285731453233488,1620.5
0.8333573722000481,1621
0.8380823831653497,1621.5
0.8427478259379964,1622
0.8473533521154565,1622.5
0.8518986172004086,1623
0.8563832806270819,1623.5
0.8608070057874497,1624
0.8651694600572738,1624.5
0.8694703148219978,1625
0.8737092455024881,1625.5
0.8778859315806197,1626
0.8820000566247043,1626.5
0.8860513083147605,1627
0.8900393784676215,1627.5
0.8939639630618799,1628
0.8978247622626667,1628.5
0.9016214804462634,1629
0.9053538262245422,1629.5
0.909021512469235,1630
0.9126242563360286,1630.5
0.9161617792884809,1631
0.9196338071217597,1631.5
0.9230400699861996,1632
0.9263803024106735,1632.5
0.9296542433257796,1633
0.9328616360868389,1633.5
0.9360022284967009,1634
0.9390757728283562,1634.5
0.9420820258473529,1635
0.9450207488340142,1635.5
0.9478917076054542,1636
0.9506946725373905,1636.5
0.9534294185857504,1637
0.9560957253080676,1637.5
0.9586933768846677,1638
0.9612221621396392,1638.5
0.963681874561587,1639
0.9660723123241677,1639.5
0.9683932783064009,1640
0.9706445801127563,1640.5
0.9728260300930127,1641
0.9749374453618863,1641.5
0.9769786478184256,1642
0.9789494641651704,1642.5
0.9808497259270711,1643
0.9826792694701667,1643.5
0.9844379360200178,1644
0.9861255716798918,1644.5
0.9877420274486971,1645
0.9892871592386655,1645.5
0.9907608278927762,1646
0.992162899201922,1646.5
0.9934932439218122,1647
0.9947517377896107,1647.5
0.9959382615403056,1648
0.9970527009228081,1648.5
0.9980949467157765,1649
0.9990648947431628,1649.5
0.9999624458894802,1650
1.0007875061147855,1650.5
1.0015399864693757,1651
1.0022198031081961,1651.5
1.002826877304955,1652
1.0033611354659415,1652.5
1.0038225091435469,1653
1.004210935049483,1653.5
1.0045263550676948,1654
1.0047687162669665,1654.5
1.0049379709132151,1655
1.0050340764814705,1655.5
1.0050569956675377,1656
1.0050066963993383,1656.5
1.0048831518479284,1657
1.00468634043819,1657.5
1.0044162458591916,1658
1.0040728570742161,1658.5
1.0036561683304532,1659
1.0031661791683504,1659.5
1.0026028944306231,1660
1.0019663242709187,1660.5
1.0012564841621308,1661
1.0004733949043638,1661.5
0.9996170826325393,1662
0.9986875788236472,1662.5
0.9976849203036331,1663
0.9966091492539233,1663.5
0.9954603132175811,1664
0.9942384651050928,1664.5
0.9929436631997803,1665
0.9915759711628368,1665.5
0.9901354580379828,1666
0.9886221982557393,1666.5
0.9870362716373152,1667
0.9853777633981059,1667.5
0.9836467641508001,1668
0.9818433699080923,1668.5
0.9799676820849965,1669
0.9780198075007602,1669.5
0.9759998583803746,1670
0.9739079523556783,1670.5
0.9717442124660512,1671
0.9695087671586979,1671.5
0.9672017502885136,1672
0.9648233011175339,1672.5
0.9623735643139639,1673
0.9598526899507835,1673.5
0.957260833503927,1674
0.9545981558500335,1674.5
0.9518648232637669,1675
0.9490610074147006,1675.5
0.9461868853637668,1676
0.9432426395592656,1676.5
0.9402284578324335,1677
0.9371445333925665,1677.5
0.9339910648216982,1678
0.9307682560688266,1678.5
0.9274763164436914,1679
0.924115460610097,1679.5
0.920685908578779,1680
0.9171878856998129,1680.5
0.913621622654562,1681
0.909987355447163,1681.5
0.9062853253955457,1682
0.9025157791219875,1682.5
0.8986789685431976,1683
0.8947751508599308,1683.5
0.8908045885461288,1684
0.8867675493375863,1684.5
0.8826643062201408,1685
0.8784951374173845,1685.5
0.8742603263778951,1686
0.8699601617619861,1686.5
0.8655949374279734,1687
0.861164952417957,1687.5
0.8566705109431165,1688
0.8521119223685188,1688.5
0.8474895011974369,1689
0.8428035670551777,1689.5
0.8380544446724191,1690
0.8332424638680533,1690.5
0.8283679595315371,1691
0.8234312716047462,1691.5
0.8184327450633342,1692
0.8133727298975946,1692.5
0.808251581092825,1693
0.8030696586091928,1693.5
0.7978273273611013,1694
0.7925249571960566,1694.5
0.7871629228730342,1695
0.7817416040403433,1695.5
0.7762613852129915,1696
0.7707226557495471,1696.5
0.7651258098284992,1697
0.7594712464241161,1697.5
0.7537593692818019,1698
0.7479905868929495,1698.5
0.7421653124692934,1699
0.7362839639167587,1699.5
0.7303469638088091,1700
0.7243547393592938,1700.5
0.7183077223947922,1701
0.7122063493264587,1701.5
0.7060510611213672,1702
0.6998423032733563,1702.5
0.6935805257733753,1703
0.6872661830793324,1703.5
0.6808997340854468,1704
0.6744816420911028,1704.5
0.668012374769211,1705
0.661492404134074,1705.5
0.6549222065087603,1706
0.6483022624919877,1706.5
0.6416330569245151,1707
0.6349150788550474,1707.5
0.6281488215056533,1708
0.6213347822366987,1708.5
0.6144734625112954,1709
0.607565367859271,1709.5
0.6006110078406566,1710
0.5936108960087002,1710.5
0.5865655498724028,1711
0.5794754908585832,1711.5
0.5723412442734719,1712
0.5651633392638364,1712.5
0.5579423087776431,1713
0.5506786895242539,1713.5
0.543373021934165,1714
0.5360258501182872,1714.5
0.5286377218267727,1715
0.5212091884073905,1715.5
0.513740804763454,1716
0.5062331293113029,1716.5
0.4986867239373453,1717
0.49110215395465956,1717.5
0.48347998805916337,1718
0.475820798285351,1718.5
0.46812515996160325,1719
0.4603936516650745,1719.5
0.4526268551761593,1720
0.44482535543254387,1720.5
0.43698974048284617,1721
0.42912060143984826,1721.5
0.42121853243332563,1722
0.413284130562478,1722.5
0.4053179958479654,1723
0.39732073118355515,1723.5
0.3892929422873828,1724
0.3812352376528335,1724.5
0.37314822849904716,1725
0.36503252872105346,1725.5
0.3568887548395406,1726
0.34871752595026406,1726.5
0.34051946367309915,1727
0.33229519210074415,1727.5
0.324045337747078,1728
0.31577052949517875,1728.5
0.3074713985450085,1729
0.2991485783607692,1729.5
0.29080270461793645,1730
0.28243441514997647,1730.5
0.27404434989475174,1731
0.2656331508406213,1731.5
0.25720146197224264,1732
0.24874992921608008,1732.5
0.2402792003856263,1733
0.23178992512634344,1733.5
0.2232827548603296,1734
0.21475834273071767,1734.5
0.20621734354581242,1735
0.1976604137229728,1735.5
0.18908821123224578,1736
0.1805013955397583,1736.5
0.1719006275508746,1737
0.163286569553125,1737.5
0.15465988515891355,1738
0.14602123924801108,1738.5
0.1373712979098411,1739
0.1287107283855649,1739.5
0.12004019900997379,1740
0.11136037915319486,1740.5
0.10267193916221795,1741
0.09397555030225103,1741.5
0.08527188469791114,1742
0.07656161527425838,1742.5
0.06784541569768035,1743
0.0591239603166346,1743.5
0.050397924102256346,1744
0.0416679825888393,1744.5
0.03293481181419704,1745
0.024199088259912526,1745.5
0.015461488791483654,1746
0.006722690598372285,1746.5
-0.0020166288660352903,1747
-0.010755791944548796,1747.5
-0.019494120836367437,1748
-0.028230937657338594,1748.5
-0.036965564500273856,1749
-0.04569732349531447,1749.5
-0.05442553687033838,1750
-0.06314952701140078,1750.5
-0.07186861652320031,1751
-0.08058212828956296,1751.5
-0.0892893855339355,1752
-0.09798971187988072,1752.5
-0.10668243141156607,1753
-0.1153668687342381,1753.5
-0.12404234903467438,1754
-0.1327081981416048,1754.5
-0.14136374258609458,1755
-0.15000830966188033,1755.5
-0.15864122748565182,1756
-0.16726182505727083,1756.5
-0.1758694323199193,1757
-0.18446338022016862,1757.5
-0.1930430007679623,1758
-0.20160762709650357,1758.5
-0.21015659352204022,1759
-0.21868923560353862,1759.5
-0.22720489020223875,1760
-0.23570289554108265,1760.5
-0.24418259126400788,1761
-0.25264331849509847,1761.5
-0.26108441989758535,1762
-0.269505239732688,1762.5
-0.27790512391829025,1763
-0.2862834200874418,1763.5
-0.2946394776466776,1764
-0.30297264783414796,1764.5
-0.3112822837775512,1765
-0.3195677405518611,1765.5
-0.3278283752368419,1766
-0.3360635469743427,1766.5
-0.34427261702536455,1767
-0.35245494882689166,1767.5
-0.36060990804848014,1768
-0.36873686264859656,1768.5
-0.3768351829306985,1769
-0.3849042415990509,1769.5
-0.3929434138142696,1770
-0.40095207724858595,1770.5
-0.40892961214082474,1771
-0.4168754013510886,1771.5
-0.4247888304151416,1772
-0.4326692875984858,1772.5
-0.4405161639501228,1773
-0.44832885335599404,1773.5
-0.4561067525920934,1774
-0.4638492613772445,1774.5
-0.4715557824255376,1775
-0.4792257214984167,1775.5
-0.4868584874564143,1776
-0.4944534923105241,1776.5
-0.5020101512732067,1777
-0.5095278828090221,1777.5
-0.5170061086848823,1778
-0.5244442540199187,1778.5
-0.5318417473349573,1779
-0.5391980206015964,1779.5
-0.546512509290881,1780
-0.5537846524215683,1780.5
-0.5610138926079765,1781
-0.568199676107416,1781.5
-0.5753414528671918,1782
-0.582438676571177,1782.5
-0.589490804685947,1783
-0.5964972985064739,1783.5
-0.6034576232013732,1784
-0.6103712478576974,1784.5
-0.617237645525274,1785
-0.624056293260581,1785.5
-0.6308266721701552,1786
-0.6375482674535302,1786.5
-0.6442205684456983,1787
-0.650843068659091,1787.5
-0.6574152658250768,1788
-0.663936661934968,1788.5
-0.6704067632805364,1789
-0.6768250804940299,1789.5
-0.6831911285876899,1790
-0.6895044269927626,1790.5
-0.6957644995980016,1791
-0.701970874787659,1791.5
-0.70812308547896,1792
-0.7142206691590587,1792.5
-0.7202631679214704,1793
-0.7262501285019792,1793.5
-0.7321811023140161,1794
-0.7380556454835048,1794.5
-0.743873318883173,1795
-0.7496336881663269,1795.5
-0.7553363238000831,1796
-0.7609808010980599,1796.5
-0.7665667002525219,1797
-0.7720936063659769,1797.5
-0.777561109482223,1798
-0.782968804616843,1798.5
-0.7883162917871456,1799
-0.7936031760415485,1799.5
-0.7988290674884052,1800
-0.8039935813242711,1800.5
-0.8090963378616078,1801
-0.8141369625559252,1801.5
-0.8191150860323584,1802
-0.8240303441116794,1802.5
-0.8288823778357418,1803
-0.8336708334923568,1803.5
-0.8383953626396005,1804
-0.8430556221295515,1804.5
-0.8476512741314575,1805
-0.8521819861543294,1805.5
-0.8566474310689652,1806
-0.8610472871293997,1806.5
-0.8653812379937814,1807
-0.8696489727446769,1807.5
-0.8738501859088013,1808
-0.8779845774761741,1808.5
-0.8820518529187034,1809
-0.8860517232081945,1809.5
-0.8899839048337868,1810
-0.8938481198188165,1810.5
-0.8976440957371071,1811
-0.9013715657286882,1811.5
-0.9050302685149408,1812
-0.9086199484131742,1812.5
-0.9121403553506308,1813
-0.9155912448779218,1813.5
-0.9189723781818949,1814
-0.9222835220979344,1814.5
-0.9255244491216943,1815
-0.928694937420267,1815.5
-0.9317947708427883,1816
-0.9348237389304787,1816.5
-0.9377816369261248,1817
-0.9406682657830004,1817.5
-0.9434834321732299,1818
-0.9462269484955954,1818.5
-0.9488986328827896,1819
-0.9514983092081153,1819.5
-0.9540258070916348,1820
-0.9564809619057708,1820.5
-0.9588636147803592,1821
-0.9611736126071593,1821.5
-0.9634108080438202,1822
-0.9655750595173083,1822.5
-0.9676662312267955,1823
-0.9696841931460144,1823.5
-0.9716288210250787,1824
-0.9734999963917751,1824.5
-0.9752976065523256,1825
